-- MySQL dump 10.16  Distrib 10.1.25-MariaDB, for debian-linux-gnu (x86_64)
--
-- Host: 192.168.0.42    Database: fiberdb
-- ------------------------------------------------------
-- Server version	5.5.54-MariaDB

/*!40101 SET @OLD_CHARACTER_SET_CLIENT=@@CHARACTER_SET_CLIENT */;
/*!40101 SET @OLD_CHARACTER_SET_RESULTS=@@CHARACTER_SET_RESULTS */;
/*!40101 SET @OLD_COLLATION_CONNECTION=@@COLLATION_CONNECTION */;
/*!40101 SET NAMES utf8mb4 */;
/*!40103 SET @OLD_TIME_ZONE=@@TIME_ZONE */;
/*!40103 SET TIME_ZONE='+00:00' */;
/*!40014 SET @OLD_UNIQUE_CHECKS=@@UNIQUE_CHECKS, UNIQUE_CHECKS=0 */;
/*!40014 SET @OLD_FOREIGN_KEY_CHECKS=@@FOREIGN_KEY_CHECKS, FOREIGN_KEY_CHECKS=0 */;
/*!40101 SET @OLD_SQL_MODE=@@SQL_MODE, SQL_MODE='NO_AUTO_VALUE_ON_ZERO' */;
/*!40111 SET @OLD_SQL_NOTES=@@SQL_NOTES, SQL_NOTES=0 */;

--
-- Table structure for table `configs`
--

DROP TABLE IF EXISTS `configs`;
/*!40101 SET @saved_cs_client     = @@character_set_client */;
/*!40101 SET character_set_client = utf8 */;
CREATE TABLE `configs` (
  `entered` timestamp NOT NULL DEFAULT CURRENT_TIMESTAMP,
  `membershipfee` decimal(7,2) NOT NULL,
  `membershiptax` decimal(7,2) NOT NULL,
  `connectionfee` decimal(7,2) NOT NULL,
  `connectiontax` decimal(7,2) NOT NULL,
  `operatorfee` decimal(7,2) NOT NULL,
  `operatortax` decimal(7,2) NOT NULL,
  `fromyear` double NOT NULL,
  PRIMARY KEY (`entered`)
) ENGINE=InnoDB DEFAULT CHARSET=utf8;
/*!40101 SET character_set_client = @saved_cs_client */;

--
-- Dumping data for table `configs`
--

LOCK TABLES `configs` WRITE;
/*!40000 ALTER TABLE `configs` DISABLE KEYS */;
INSERT INTO `configs` VALUES ('2017-02-08 10:48:05',500.00,0.00,40.00,0.25,90.00,0.25,2016.076923076923);
/*!40000 ALTER TABLE `configs` ENABLE KEYS */;
UNLOCK TABLES;

--
-- Table structure for table `contacts`
--

DROP TABLE IF EXISTS `contacts`;
/*!40101 SET @saved_cs_client     = @@character_set_client */;
/*!40101 SET character_set_client = utf8 */;
CREATE TABLE `contacts` (
  `type` varchar(45) NOT NULL,
  `value` varchar(100) NOT NULL,
  `preferred` tinyint(4) NOT NULL,
  `memberid` int(11) NOT NULL,
  `contactid` int(11) NOT NULL AUTO_INCREMENT,
  PRIMARY KEY (`contactid`,`memberid`)
) ENGINE=InnoDB AUTO_INCREMENT=242 DEFAULT CHARSET=utf8;
/*!40101 SET character_set_client = @saved_cs_client */;

--
-- Dumping data for table `contacts`
--

LOCK TABLES `contacts` WRITE;
/*!40000 ALTER TABLE `contacts` DISABLE KEYS */;
INSERT INTO `contacts` VALUES ('address','54592 Älgarås',0,42,1),('address','54592 Älgarås',0,49,2),('address','am Mittelberg 7, DE-88289 Waldburg',0,73,3),('address','Am Reichsberg 7, DE-82346 Andechs',0,59,4),('address','Armfeltsgatan 16 3tr, 11534 Stockholm',0,54,5),('address','Åsebol 21, 54874 Gårdsjö',0,51,6),('address','Bålerud 11, 54592 Älgarås',1,25,7),('address','Bålerud 14, 54592 Älgarås',0,28,8),('address','Bålerud 8, 545 92 Älgarås',1,17,9),('address','Bangatan 35, Västerås',0,74,10),('address','box 146, 54222 Mariestad',0,39,11),('address','box, 136, 54592 Älgarås',0,16,12),('address','Brandingdijk 422 3059 Rotterdam, Holland',0,48,13),('address','Eklunda, 59028 Borensberg, 0141-42174, 0706-242174',0,56,14),('address','Fiskarevägen 4, 54535 Töreboda',0,34,15),('address','Hallonstigen 7, 54505 Töreboda',0,14,16),('address','Halna Bygården 65 54593 Töreboda',0,24,17),('address','Hofanger 8, 86859 Igling, Germany',0,68,18),('address','Högshult Skolan 9, 54592 Älgarås',1,22,19),('address','Järneberg 16, 54591 Töreboda.',1,10,20),('address','Kerkweg 3, 7448AC Haarle',0,77,21),('address','L:a Kyrkogatan 21 3tr, 50335 Borås',0,69,22),('address','Länsmansgatan 9, 72475 Västerås',0,46,23),('address','Lentnerweg 3, D-81927 München',0,64,24),('address','Lindåsen Lindåstorpet 2, 54592 Älgarås',1,24,25),('address','Manillagatan 2, 70212 Örebro',0,38,26),('address','Mölndalsvägen 3, 41263 Göteborg',0,43,27),('address','Mosnes, NO-4139 Fister',0,71,28),('address','N:a Bergsg 17, 54533 Töreboda',0,57,29),('address','Ramlösa gränd 5, 70228 Örebro',0,60,30),('address','Spånvägen 21B, 54163 Skövde',0,33,31),('address','Stora Bergsgatan11C, 54533 Töreboda',0,62,32),('address','Stora Lindåsen 15, 54592 Älgarås',0,81,33),('address','Strågatan 8, 54532 Töreboda',0,15,34),('address','Strandv. 9 Karlsborg',0,63,35),('address','street',1,999,36),('address','Torsgatan 6, 54233 Mariestad',0,40,37),('address','Vadsbog 3, 54531 Töreboda',0,37,38),('address','Vasag 2, 54530 Töreboda',0,24,39),('email','anders@thorellmotor.se',1,31,40),('email','andreas.metz@systematec.de',1,68,41),('email','anna.h.jansson@spray.se',1,66,42),('email','annika.qvist808@spray.se',1,67,43),('email','annika@turbomx5.com',1,44,44),('email','asanise@hotmail.com',1,56,45),('email','backen1885@spray.se',1,52,46),('email','baserud.gard@gmail.com',1,23,47),('email','bengtgs@gmail.com',1,39,48),('email','billy.bjuren@telia.com',1,14,49),('email','bo.hagstroem@gmail.com',1,51,50),('email','jrs@lfr.se',1,45,51),('email','chris.goedhart0@gmail.com',1,48,52),('email','christer@brattsakeri.se',1,61,53),('email','davidskagerstam@hotmail.com',0,24,54),('email','den_vackra_kvinnan@yahoo.se',1,8,55),('email','elin.pettersson@metsatissue.com',1,34,56),('email','englund.sandra@hotmail.com',1,50,57),('email','engstran_d@hotmail.com',1,62,58),('email','erutluv@gmx.de',1,54,59),('email','gunbritt.persson1@tele2.se',1,20,60),('email','gunnaribale@gmail.com',1,28,61),('email','hagar.schon@gmail.com',1,36,62),('email','hagge_h@tele2.se',0,51,63),('email','hagstromslantbruk@gmail.com',0,51,64),('email','hans-holzmair@web.de',1,64,65),('email','hjalle_dio@hotmail.com',1,13,66),('email','hsvavars21@hotmail.com',1,75,67),('email','iarlt@mellenthin.org',1,59,68),('email','info@tobbegustavssonsbygg.se',1,16,69),('email','irene.w.nilsson@gmail.com',1,15,70),('email','jannastina@gmail.com',1,29,71),('email','jkolofsson@outlook.com',1,11,72),('email','karlslund2@home.se',1,65,73),('email','keith.johansson@beta.telenordia.se',1,33,74),('email','kenneth.lambertson@telia.com',1,46,75),('email','kent.karlsson@barnvux.com',1,69,76),('email','l.vanhaaften@planet.nl',1,77,77),('email','larsryman@spray.se',1,5,78),('email','lenoxon@hotmail.com',1,9,79),('email','linda_englund85@hotmail.se',0,10,80),('email','loa.ljungberg@telia.com',1,38,81),('email','maloset01@gmail.com',1,49,82),('email','margreth.schwitter@mail.se',1,78,83),('email','mats.tropp@hovaror.com',1,40,84),('email','mats@frihetsportalen.se',1,1,85),('email','micael@hildenborg.com',1,43,86),('email','mpaulmichl@bluewin.ch',0,78,87),('email','myrhult2@telia.com',1,60,88),('email','nicolai.stabla@hotmail.com',1,73,89),('email','nwesterh@online.no',1,71,90),('email','orheim@tele2.no',0,47,91),('email','p.spatz@web.de',1,72,92),('email','perclarsson@hotmail.com',1,81,93),('email','pererik@bandelen.se',1,32,94),('email','peter.wretling6365@gmail.com',1,74,95),('email','pettersson.svante@telia.com',1,37,96),('email','pstabla@gmx.de',0,73,97),('email','regina@reginasfullkorn.com',0,78,98),('email','ro2nyto@gmail.com',1,53,99),('email','roger@inix.se',1,18,100),('email','Rogermann10@hotmail.com',1,26,101),('email','sisjon7@gmail.com',1,47,102),('email','sobg1@hotmail.com',1,42,103),('email','soren@turbomx5.com',0,44,104),('email','stefanschon65@hotmail.se',1,35,105),('email','stellan_ek@yahoo.se',1,7,106),('email','stenvadet@telia.com',0,12,107),('email','stigevertj@gmail.com',1,4,108),('email','sven.sundbro@gmail.com',1,21,109),('email','sven@swemek.com',1,12,110),('email','symagasinet@yahoo.se',1,2,111),('email','t.pjohansson@telia.com',1,27,112),('email','thore.fhyr@carlsborg.net',1,63,113),('email','tjarbacka@gmail.com',1,6,114),('email','tobias.siehl@yahoo.se',0,71,115),('email','tony.englund64.te@gmail.com',1,30,116),('email','toresson_a@hotmail.com',1,70,117),('email','uj.myrhult@gmail.com',1,3,118),('email','ulfocamilla@gmail.com',1,76,119),('email','vivian.norrab@tele2.se',1,57,120),('email','wiwan.andersson@hotmail.com',1,58,121),('phone','+31548595498',0,77,122),('phone','+31653165319',0,77,123),('phone','+49-1774859568',0,68,124),('phone','+49-7529912925',0,73,125),('phone','+4989924646',0,59,126),('phone','+4989936299',0,64,127),('phone','010-4018282',0,70,128),('phone','019-333214',0,38,129),('phone','019-333314',0,60,130),('phone','033-152696',0,69,131),('phone','0500-438188',0,33,132),('phone','0501-10608',0,39,133),('phone','0505-12330',0,63,134),('phone','0506-10160',0,32,135),('phone','0506-10446',0,42,136),('phone','0506-12357',0,37,137),('phone','0506-12601',0,14,138),('phone','0506-12747',0,57,139),('phone','0506-12932',0,15,140),('phone','0506-15010',0,8,141),('phone','0506-15035',0,7,142),('phone','0506-15042',0,35,143),('phone','0506-15052',0,4,144),('phone','0506-15052',0,29,145),('phone','0506-15060',0,28,146),('phone','0506-15088',0,25,147),('phone','0506-15090',0,6,148),('phone','0506-15104',0,36,149),('phone','0506-15200',0,47,150),('phone','0506-15204',0,27,151),('phone','0506-15214',0,39,152),('phone','0506-15223',0,30,153),('phone','0506-15264',0,31,154),('phone','0506-15301',0,51,155),('phone','0506-16020',0,10,156),('phone','0506-16616',0,34,157),('phone','0506-367143',0,62,158),('phone','0506-40118',0,45,159),('phone','0506-40130',0,12,160),('phone','0506-40158',0,76,161),('phone','0506-40200',0,11,162),('phone','0506-40229',0,13,163),('phone','0506-40241',0,20,164),('phone','0506-40274',0,46,165),('phone','0506-40468',0,12,166),('phone','0506-40508',0,49,167),('phone','0506-43001',0,72,168),('phone','0506-43004',0,61,169),('phone','0506-43012',0,3,170),('phone','0506-43014',0,77,171),('phone','0506-43020',0,66,172),('phone','0506-43026',0,67,173),('phone','0506-43028',0,60,174),('phone','0506-43030',0,2,175),('phone','0506-43041',0,71,176),('phone','0506-43049',0,58,177),('phone','0506-43064',0,65,178),('phone','0506-43069',1,55,179),('phone','0506-54592',0,10,180),('phone','0506-54592',0,50,181),('phone','0506-71212',0,50,182),('phone','0605-40271',0,22,183),('phone','070-2130923',0,9,184),('phone','070-2153809',0,5,185),('phone','070-2313811',0,46,186),('phone','070-2728029',0,23,187),('phone','070-2901231',0,40,188),('phone','070-3079906',0,76,189),('phone','070-3277244',0,35,190),('phone','070-3285102',0,40,191),('phone','070-3364202',0,7,192),('phone','070-3442601',0,14,193),('phone','070-3536927',0,73,194),('phone','070-3643025',0,44,195),('phone','070-3644135',0,44,196),('phone','070-3883885',0,1,197),('phone','070-4322666',0,25,198),('phone','070-4882771',0,74,199),('phone','070-5190625',0,52,200),('phone','070-5581919',0,74,201),('phone','070-5754556',0,21,202),('phone','070-5868627',0,34,203),('phone','070-5893436',0,4,204),('phone','070-6242174',0,56,205),('phone','070-6315204',0,27,206),('phone','070-6540271',0,22,207),('phone','070-7595885',0,33,208),('phone','070-8645373',0,8,209),('phone','070-8751522',0,62,210),('phone','070-9227192',0,24,211),('phone','0700-384318',0,78,212),('phone','0703-223089',0,69,213),('phone','0704412854',0,43,214),('phone','0705-102922',0,61,215),('phone','0705913700',0,39,216),('phone','0706-644026',0,51,217),('phone','0706-670026',0,67,218),('phone','0709380130',0,74,219),('phone','072-2218427',0,38,220),('phone','072-2477870',0,71,221),('phone','072-5422626',0,11,222),('phone','0722-145715',0,70,223),('phone','0722-221642',0,9,224),('phone','0729735284',0,81,225),('phone','073-0309970',0,6,226),('phone','073-0620115',0,12,227),('phone','073-1822327',0,32,228),('phone','073-2068890',0,10,229),('phone','073-3820296',0,18,230),('phone','073-5035122',0,52,231),('phone','073-800365',0,50,232),('phone','0730-676347',0,59,233),('phone','0739-838828',0,42,234),('phone','076-0257194',0,13,235),('phone','076-1498363',0,28,236),('phone','076-7706663',0,53,237),('phone','076-7952754',0,20,238),('phone','076-8397343',0,15,239),('phone','08-204907',0,54,240),('email','kalle@kula.se',0,999,241);
/*!40000 ALTER TABLE `contacts` ENABLE KEYS */;
UNLOCK TABLES;

--
-- Temporary table structure for view `current_full`
--

DROP TABLE IF EXISTS `current_full`;
/*!50001 DROP VIEW IF EXISTS `current_full`*/;
SET @saved_cs_client     = @@character_set_client;
SET character_set_client = utf8;
/*!50001 CREATE TABLE `current_full` (
  `memberid` tinyint NOT NULL,
  `name` tinyint NOT NULL,
  `contact` tinyint NOT NULL,
  `m_note` tinyint NOT NULL,
  `m_fromyear` tinyint NOT NULL,
  `m_toyear` tinyint NOT NULL,
  `me_fromyear` tinyint NOT NULL,
  `me_toyear` tinyint NOT NULL,
  `estateid` tinyint NOT NULL,
  `location` tinyint NOT NULL,
  `address` tinyint NOT NULL,
  `e_note` tinyint NOT NULL,
  `e_fromyear` tinyint NOT NULL,
  `e_toyear` tinyint NOT NULL,
  `bimonths` tinyint NOT NULL
) ENGINE=MyISAM */;
SET character_set_client = @saved_cs_client;

--
-- Temporary table structure for view `estate_owners`
--

DROP TABLE IF EXISTS `estate_owners`;
/*!50001 DROP VIEW IF EXISTS `estate_owners`*/;
SET @saved_cs_client     = @@character_set_client;
SET character_set_client = utf8;
/*!50001 CREATE TABLE `estate_owners` (
  `memberid` tinyint NOT NULL,
  `name` tinyint NOT NULL,
  `note` tinyint NOT NULL,
  `contact` tinyint NOT NULL,
  `estateid` tinyint NOT NULL,
  `fromyear` tinyint NOT NULL,
  `toyear` tinyint NOT NULL
) ENGINE=MyISAM */;
SET character_set_client = @saved_cs_client;

--
-- Temporary table structure for view `estate_sums`
--

DROP TABLE IF EXISTS `estate_sums`;
/*!50001 DROP VIEW IF EXISTS `estate_sums`*/;
SET @saved_cs_client     = @@character_set_client;
SET character_set_client = utf8;
/*!50001 CREATE TABLE `estate_sums` (
  `conamount` tinyint NOT NULL,
  `contax` tinyint NOT NULL,
  `conmonths` tinyint NOT NULL,
  `opamount` tinyint NOT NULL,
  `optax` tinyint NOT NULL,
  `opmonths` tinyint NOT NULL,
  `payamount` tinyint NOT NULL,
  `estateid` tinyint NOT NULL,
  `year` tinyint NOT NULL,
  `total` tinyint NOT NULL,
  `address` tinyint NOT NULL,
  `memberid` tinyint NOT NULL
) ENGINE=MyISAM */;
SET character_set_client = @saved_cs_client;

--
-- Temporary table structure for view `estate_usage`
--

DROP TABLE IF EXISTS `estate_usage`;
/*!50001 DROP VIEW IF EXISTS `estate_usage`*/;
SET @saved_cs_client     = @@character_set_client;
SET character_set_client = utf8;
/*!50001 CREATE TABLE `estate_usage` (
  `memberid` tinyint NOT NULL,
  `name` tinyint NOT NULL,
  `contact` tinyint NOT NULL,
  `fromyear` tinyint NOT NULL,
  `toyear` tinyint NOT NULL,
  `estateid` tinyint NOT NULL,
  `address` tinyint NOT NULL,
  `bimonths` tinyint NOT NULL,
  `actmonths` tinyint NOT NULL,
  `year` tinyint NOT NULL
) ENGINE=MyISAM */;
SET character_set_client = @saved_cs_client;

--
-- Table structure for table `estateact`
--

DROP TABLE IF EXISTS `estateact`;
/*!40101 SET @saved_cs_client     = @@character_set_client */;
/*!40101 SET character_set_client = utf8 */;
CREATE TABLE `estateact` (
  `year` int(11) NOT NULL,
  `actmonths` int(11) NOT NULL,
  `estateid` int(11) NOT NULL,
  PRIMARY KEY (`year`,`estateid`)
) ENGINE=InnoDB DEFAULT CHARSET=utf8;
/*!40101 SET character_set_client = @saved_cs_client */;

--
-- Dumping data for table `estateact`
--

LOCK TABLES `estateact` WRITE;
/*!40000 ALTER TABLE `estateact` DISABLE KEYS */;
INSERT INTO `estateact` VALUES (2010,0,7),(2010,0,9),(2010,0,10),(2010,0,14),(2010,0,15),(2010,0,17),(2010,0,18),(2010,0,19),(2010,0,20),(2010,0,23),(2010,0,26),(2010,0,27),(2010,0,28),(2010,0,29),(2010,0,30),(2010,0,41),(2010,0,43),(2010,0,44),(2010,0,45),(2010,0,47),(2010,0,48),(2010,0,49),(2010,0,50),(2010,0,51),(2010,0,52),(2010,0,53),(2010,0,54),(2010,0,55),(2010,0,57),(2010,0,58),(2010,0,60),(2010,0,62),(2010,0,63),(2010,0,64),(2010,0,65),(2010,0,69),(2010,0,71),(2010,0,72),(2010,0,73),(2010,0,76),(2010,0,82),(2010,0,91),(2010,0,92),(2010,0,95),(2010,0,98),(2010,0,102),(2010,0,103),(2010,0,106),(2010,0,108),(2010,0,110),(2010,0,113),(2010,0,114),(2010,0,115),(2010,0,116),(2010,0,117),(2010,0,118),(2010,0,119),(2010,0,121),(2010,0,123),(2010,0,124),(2010,0,127),(2010,0,128),(2010,0,129),(2010,0,130),(2010,0,132),(2010,0,133),(2010,0,135),(2010,0,136),(2010,0,139),(2010,0,144),(2010,0,148),(2010,0,152),(2010,0,156),(2010,0,159),(2010,0,162),(2010,0,164),(2010,0,165),(2010,0,166),(2010,0,170),(2010,0,176),(2010,0,182),(2011,0,7),(2011,0,9),(2011,0,10),(2011,0,14),(2011,0,15),(2011,0,17),(2011,0,18),(2011,0,19),(2011,0,20),(2011,0,23),(2011,0,26),(2011,0,27),(2011,0,28),(2011,0,29),(2011,0,30),(2011,0,41),(2011,0,43),(2011,0,44),(2011,0,45),(2011,0,47),(2011,0,48),(2011,0,49),(2011,0,50),(2011,0,51),(2011,0,52),(2011,0,53),(2011,0,54),(2011,0,55),(2011,0,57),(2011,0,58),(2011,0,60),(2011,0,62),(2011,0,63),(2011,0,64),(2011,0,65),(2011,0,69),(2011,0,71),(2011,0,72),(2011,0,73),(2011,0,76),(2011,0,82),(2011,0,91),(2011,0,92),(2011,0,95),(2011,0,98),(2011,0,102),(2011,0,103),(2011,0,106),(2011,0,108),(2011,0,110),(2011,0,113),(2011,0,114),(2011,0,115),(2011,0,116),(2011,0,117),(2011,0,118),(2011,0,119),(2011,0,121),(2011,0,123),(2011,0,124),(2011,0,127),(2011,0,128),(2011,0,129),(2011,0,130),(2011,0,132),(2011,0,133),(2011,0,135),(2011,0,136),(2011,0,139),(2011,0,144),(2011,0,148),(2011,0,152),(2011,0,156),(2011,0,159),(2011,0,162),(2011,0,164),(2011,0,165),(2011,0,166),(2011,0,170),(2011,0,176),(2011,0,182),(2012,0,7),(2012,0,9),(2012,0,10),(2012,0,14),(2012,0,15),(2012,0,17),(2012,0,18),(2012,0,19),(2012,0,20),(2012,0,23),(2012,0,26),(2012,0,27),(2012,0,28),(2012,0,29),(2012,0,30),(2012,0,41),(2012,0,43),(2012,0,44),(2012,0,45),(2012,0,47),(2012,0,48),(2012,0,49),(2012,0,50),(2012,0,51),(2012,0,52),(2012,0,53),(2012,0,54),(2012,0,55),(2012,0,57),(2012,0,58),(2012,0,60),(2012,0,62),(2012,0,63),(2012,0,64),(2012,0,65),(2012,0,69),(2012,0,71),(2012,0,72),(2012,0,73),(2012,0,76),(2012,0,82),(2012,0,91),(2012,0,92),(2012,0,95),(2012,0,98),(2012,0,102),(2012,0,103),(2012,0,106),(2012,0,108),(2012,0,110),(2012,0,113),(2012,0,114),(2012,0,115),(2012,0,116),(2012,0,117),(2012,0,118),(2012,0,119),(2012,0,121),(2012,0,123),(2012,0,124),(2012,0,127),(2012,0,128),(2012,0,129),(2012,0,130),(2012,0,132),(2012,0,133),(2012,0,135),(2012,0,136),(2012,0,139),(2012,0,144),(2012,0,148),(2012,0,152),(2012,0,156),(2012,0,159),(2012,0,162),(2012,0,164),(2012,0,165),(2012,0,166),(2012,0,170),(2012,0,176),(2012,0,182),(2013,0,7),(2013,0,9),(2013,0,10),(2013,0,14),(2013,0,15),(2013,0,17),(2013,0,18),(2013,0,19),(2013,0,20),(2013,0,23),(2013,0,26),(2013,0,27),(2013,0,28),(2013,0,29),(2013,0,30),(2013,0,41),(2013,0,43),(2013,0,44),(2013,0,45),(2013,0,47),(2013,0,48),(2013,0,49),(2013,0,50),(2013,0,51),(2013,0,52),(2013,0,53),(2013,0,54),(2013,0,55),(2013,0,57),(2013,0,58),(2013,0,60),(2013,0,62),(2013,0,63),(2013,0,64),(2013,0,65),(2013,0,69),(2013,0,71),(2013,0,72),(2013,0,73),(2013,0,76),(2013,0,82),(2013,0,91),(2013,0,92),(2013,0,95),(2013,0,98),(2013,0,102),(2013,0,103),(2013,0,106),(2013,0,108),(2013,0,110),(2013,0,113),(2013,0,114),(2013,0,115),(2013,0,116),(2013,0,117),(2013,0,118),(2013,0,119),(2013,0,121),(2013,0,123),(2013,0,124),(2013,0,127),(2013,0,128),(2013,0,129),(2013,0,130),(2013,0,132),(2013,0,133),(2013,0,135),(2013,0,136),(2013,0,139),(2013,0,144),(2013,0,148),(2013,0,152),(2013,0,156),(2013,0,159),(2013,0,162),(2013,0,164),(2013,0,165),(2013,0,166),(2013,0,170),(2013,0,176),(2013,0,182),(2014,0,7),(2014,0,9),(2014,0,10),(2014,0,14),(2014,0,15),(2014,0,17),(2014,0,18),(2014,0,19),(2014,0,20),(2014,0,23),(2014,0,26),(2014,0,27),(2014,0,28),(2014,0,29),(2014,0,30),(2014,0,41),(2014,0,43),(2014,0,44),(2014,0,45),(2014,0,47),(2014,0,48),(2014,0,49),(2014,0,50),(2014,0,51),(2014,0,52),(2014,0,53),(2014,0,54),(2014,0,55),(2014,0,57),(2014,0,58),(2014,0,60),(2014,0,62),(2014,0,63),(2014,0,64),(2014,0,65),(2014,0,69),(2014,0,71),(2014,0,72),(2014,0,73),(2014,0,76),(2014,0,82),(2014,0,91),(2014,0,92),(2014,0,95),(2014,0,98),(2014,0,102),(2014,0,103),(2014,0,106),(2014,0,108),(2014,0,110),(2014,0,113),(2014,0,114),(2014,0,115),(2014,0,116),(2014,0,117),(2014,0,118),(2014,0,119),(2014,0,121),(2014,0,123),(2014,0,124),(2014,0,127),(2014,0,128),(2014,0,129),(2014,0,130),(2014,0,132),(2014,0,133),(2014,0,135),(2014,0,136),(2014,0,139),(2014,0,144),(2014,0,148),(2014,0,152),(2014,0,156),(2014,0,159),(2014,0,162),(2014,0,164),(2014,0,165),(2014,0,166),(2014,0,170),(2014,0,176),(2014,0,182),(2015,0,7),(2015,0,9),(2015,0,10),(2015,0,14),(2015,0,15),(2015,0,17),(2015,0,18),(2015,0,19),(2015,0,20),(2015,0,23),(2015,0,26),(2015,0,27),(2015,0,28),(2015,0,29),(2015,0,30),(2015,0,41),(2015,0,43),(2015,0,44),(2015,0,45),(2015,0,47),(2015,0,48),(2015,0,49),(2015,0,50),(2015,0,51),(2015,0,52),(2015,0,53),(2015,0,54),(2015,0,55),(2015,0,57),(2015,0,58),(2015,0,60),(2015,0,62),(2015,0,63),(2015,0,64),(2015,0,65),(2015,0,69),(2015,0,71),(2015,0,72),(2015,0,73),(2015,0,76),(2015,0,82),(2015,0,91),(2015,0,92),(2015,0,95),(2015,0,98),(2015,0,102),(2015,0,103),(2015,0,106),(2015,0,108),(2015,0,110),(2015,0,113),(2015,0,114),(2015,0,115),(2015,0,116),(2015,0,117),(2015,0,118),(2015,0,119),(2015,0,121),(2015,0,123),(2015,0,124),(2015,0,127),(2015,0,128),(2015,0,129),(2015,0,130),(2015,0,132),(2015,0,133),(2015,0,135),(2015,0,136),(2015,0,139),(2015,0,144),(2015,0,148),(2015,0,152),(2015,0,156),(2015,0,159),(2015,0,162),(2015,0,164),(2015,0,165),(2015,0,166),(2015,0,170),(2015,0,176),(2015,0,182),(2016,0,7),(2016,0,9),(2016,0,10),(2016,0,14),(2016,0,15),(2016,0,17),(2016,0,18),(2016,0,19),(2016,0,20),(2016,0,23),(2016,0,26),(2016,0,27),(2016,0,28),(2016,0,29),(2016,0,30),(2016,0,41),(2016,0,43),(2016,0,44),(2016,0,45),(2016,0,47),(2016,0,48),(2016,0,49),(2016,0,50),(2016,0,51),(2016,0,52),(2016,0,53),(2016,0,54),(2016,0,55),(2016,0,57),(2016,0,58),(2016,0,60),(2016,0,62),(2016,0,63),(2016,0,64),(2016,0,65),(2016,0,69),(2016,0,71),(2016,0,72),(2016,0,73),(2016,0,76),(2016,0,82),(2016,0,91),(2016,0,92),(2016,0,95),(2016,0,98),(2016,0,102),(2016,0,103),(2016,0,106),(2016,0,108),(2016,0,110),(2016,0,113),(2016,0,114),(2016,0,115),(2016,0,116),(2016,0,117),(2016,0,118),(2016,0,119),(2016,0,121),(2016,0,123),(2016,0,124),(2016,0,127),(2016,0,128),(2016,0,129),(2016,0,130),(2016,0,132),(2016,0,133),(2016,0,135),(2016,0,136),(2016,0,139),(2016,0,144),(2016,0,148),(2016,0,152),(2016,0,156),(2016,0,159),(2016,0,162),(2016,0,164),(2016,0,165),(2016,0,166),(2016,0,170),(2016,0,176),(2016,0,182),(2017,0,7),(2017,7,9),(2017,7,10),(2017,7,14),(2017,7,15),(2017,7,17),(2017,7,18),(2017,0,19),(2017,7,20),(2017,0,23),(2017,4095,26),(2017,4095,27),(2017,4,28),(2017,4095,29),(2017,0,30),(2017,0,41),(2017,7,43),(2017,7,44),(2017,4095,45),(2017,0,47),(2017,4095,48),(2017,7,49),(2017,7,50),(2017,7,51),(2017,0,52),(2017,7,53),(2017,4095,54),(2017,7,55),(2017,7,57),(2017,7,58),(2017,4095,60),(2017,0,62),(2017,4095,63),(2017,0,64),(2017,4095,65),(2017,7,69),(2017,7,71),(2017,7,72),(2017,4095,73),(2017,7,76),(2017,4095,82),(2017,0,91),(2017,4095,92),(2017,0,95),(2017,0,98),(2017,0,102),(2017,4095,103),(2017,7,106),(2017,7,108),(2017,4095,110),(2017,7,113),(2017,7,114),(2017,7,115),(2017,7,116),(2017,7,117),(2017,7,118),(2017,4095,119),(2017,7,121),(2017,7,123),(2017,4095,124),(2017,4095,127),(2017,7,128),(2017,7,129),(2017,0,130),(2017,7,132),(2017,0,133),(2017,4095,135),(2017,0,136),(2017,0,139),(2017,7,144),(2017,0,148),(2017,1016,152),(2017,7,156),(2017,7,159),(2017,7,162),(2017,0,164),(2017,7,165),(2017,0,166),(2017,7,170),(2017,4095,176),(2017,0,182),(2018,0,7),(2018,0,9),(2018,0,10),(2018,0,14),(2018,0,15),(2018,0,17),(2018,0,18),(2018,0,19),(2018,0,20),(2018,0,23),(2018,0,26),(2018,0,27),(2018,0,28),(2018,0,29),(2018,0,30),(2018,0,41),(2018,0,43),(2018,0,44),(2018,0,45),(2018,0,47),(2018,0,48),(2018,0,49),(2018,0,50),(2018,0,51),(2018,0,52),(2018,0,53),(2018,0,54),(2018,0,55),(2018,0,57),(2018,0,58),(2018,0,60),(2018,0,62),(2018,0,63),(2018,0,64),(2018,0,65),(2018,0,69),(2018,0,71),(2018,0,72),(2018,0,73),(2018,0,76),(2018,0,82),(2018,0,91),(2018,0,92),(2018,0,95),(2018,0,98),(2018,0,102),(2018,0,103),(2018,0,106),(2018,0,108),(2018,0,110),(2018,0,113),(2018,0,114),(2018,0,115),(2018,0,116),(2018,0,117),(2018,0,118),(2018,0,119),(2018,0,121),(2018,0,123),(2018,0,124),(2018,0,127),(2018,0,128),(2018,0,129),(2018,0,130),(2018,0,132),(2018,0,133),(2018,0,135),(2018,0,136),(2018,0,139),(2018,0,144),(2018,0,148),(2018,0,152),(2018,0,156),(2018,0,159),(2018,0,162),(2018,0,164),(2018,0,165),(2018,0,166),(2018,0,170),(2018,0,176),(2018,0,182),(2019,0,7),(2019,0,9),(2019,0,10),(2019,0,14),(2019,0,15),(2019,0,17),(2019,0,18),(2019,0,19),(2019,0,20),(2019,0,23),(2019,0,26),(2019,0,27),(2019,0,28),(2019,0,29),(2019,0,30),(2019,0,41),(2019,0,43),(2019,0,44),(2019,0,45),(2019,0,47),(2019,0,48),(2019,0,49),(2019,0,50),(2019,0,51),(2019,0,52),(2019,0,53),(2019,0,54),(2019,0,55),(2019,0,57),(2019,0,58),(2019,0,60),(2019,0,62),(2019,0,63),(2019,0,64),(2019,0,65),(2019,0,69),(2019,0,71),(2019,0,72),(2019,0,73),(2019,0,76),(2019,0,82),(2019,0,91),(2019,0,92),(2019,0,95),(2019,0,98),(2019,0,102),(2019,0,103),(2019,0,106),(2019,0,108),(2019,0,110),(2019,0,113),(2019,0,114),(2019,0,115),(2019,0,116),(2019,0,117),(2019,0,118),(2019,0,119),(2019,0,121),(2019,0,123),(2019,0,124),(2019,0,127),(2019,0,128),(2019,0,129),(2019,0,130),(2019,0,132),(2019,0,133),(2019,0,135),(2019,0,136),(2019,0,139),(2019,0,144),(2019,0,148),(2019,0,152),(2019,0,156),(2019,0,159),(2019,0,162),(2019,0,164),(2019,0,165),(2019,0,166),(2019,0,170),(2019,0,176),(2019,0,182),(2020,0,7),(2020,0,9),(2020,0,10),(2020,0,14),(2020,0,15),(2020,0,17),(2020,0,18),(2020,0,19),(2020,0,20),(2020,0,23),(2020,0,26),(2020,0,27),(2020,0,28),(2020,0,29),(2020,0,30),(2020,0,41),(2020,0,43),(2020,0,44),(2020,0,45),(2020,0,47),(2020,0,48),(2020,0,49),(2020,0,50),(2020,0,51),(2020,0,52),(2020,0,53),(2020,0,54),(2020,0,55),(2020,0,57),(2020,0,58),(2020,0,60),(2020,0,62),(2020,0,63),(2020,0,64),(2020,0,65),(2020,0,69),(2020,0,71),(2020,0,72),(2020,0,73),(2020,0,76),(2020,0,82),(2020,0,91),(2020,0,92),(2020,0,95),(2020,0,98),(2020,0,102),(2020,0,103),(2020,0,106),(2020,0,108),(2020,0,110),(2020,0,113),(2020,0,114),(2020,0,115),(2020,0,116),(2020,0,117),(2020,0,118),(2020,0,119),(2020,0,121),(2020,0,123),(2020,0,124),(2020,0,127),(2020,0,128),(2020,0,129),(2020,0,130),(2020,0,132),(2020,0,133),(2020,0,135),(2020,0,136),(2020,0,139),(2020,0,144),(2020,0,148),(2020,0,152),(2020,0,156),(2020,0,159),(2020,0,162),(2020,0,164),(2020,0,165),(2020,0,166),(2020,0,170),(2020,0,176),(2020,0,182),(2021,0,7),(2021,0,9),(2021,0,10),(2021,0,14),(2021,0,15),(2021,0,17),(2021,0,18),(2021,0,19),(2021,0,20),(2021,0,23),(2021,0,26),(2021,0,27),(2021,0,28),(2021,0,29),(2021,0,30),(2021,0,41),(2021,0,43),(2021,0,44),(2021,0,45),(2021,0,47),(2021,0,48),(2021,0,49),(2021,0,50),(2021,0,51),(2021,0,52),(2021,0,53),(2021,0,54),(2021,0,55),(2021,0,57),(2021,0,58),(2021,0,60),(2021,0,62),(2021,0,63),(2021,0,64),(2021,0,65),(2021,0,69),(2021,0,71),(2021,0,72),(2021,0,73),(2021,0,76),(2021,0,82),(2021,0,91),(2021,0,92),(2021,0,95),(2021,0,98),(2021,0,102),(2021,0,103),(2021,0,106),(2021,0,108),(2021,0,110),(2021,0,113),(2021,0,114),(2021,0,115),(2021,0,116),(2021,0,117),(2021,0,118),(2021,0,119),(2021,0,121),(2021,0,123),(2021,0,124),(2021,0,127),(2021,0,128),(2021,0,129),(2021,0,130),(2021,0,132),(2021,0,133),(2021,0,135),(2021,0,136),(2021,0,139),(2021,0,144),(2021,0,148),(2021,0,152),(2021,0,156),(2021,0,159),(2021,0,162),(2021,0,164),(2021,0,165),(2021,0,166),(2021,0,170),(2021,0,176),(2021,0,182),(2022,0,7),(2022,0,9),(2022,0,10),(2022,0,14),(2022,0,15),(2022,0,17),(2022,0,18),(2022,0,19),(2022,0,20),(2022,0,23),(2022,0,26),(2022,0,27),(2022,0,28),(2022,0,29),(2022,0,30),(2022,0,41),(2022,0,43),(2022,0,44),(2022,0,45),(2022,0,47),(2022,0,48),(2022,0,49),(2022,0,50),(2022,0,51),(2022,0,52),(2022,0,53),(2022,0,54),(2022,0,55),(2022,0,57),(2022,0,58),(2022,0,60),(2022,0,62),(2022,0,63),(2022,0,64),(2022,0,65),(2022,0,69),(2022,0,71),(2022,0,72),(2022,0,73),(2022,0,76),(2022,0,82),(2022,0,91),(2022,0,92),(2022,0,95),(2022,0,98),(2022,0,102),(2022,0,103),(2022,0,106),(2022,0,108),(2022,0,110),(2022,0,113),(2022,0,114),(2022,0,115),(2022,0,116),(2022,0,117),(2022,0,118),(2022,0,119),(2022,0,121),(2022,0,123),(2022,0,124),(2022,0,127),(2022,0,128),(2022,0,129),(2022,0,130),(2022,0,132),(2022,0,133),(2022,0,135),(2022,0,136),(2022,0,139),(2022,0,144),(2022,0,148),(2022,0,152),(2022,0,156),(2022,0,159),(2022,0,162),(2022,0,164),(2022,0,165),(2022,0,166),(2022,0,170),(2022,0,176),(2022,0,182),(2023,0,7),(2023,0,9),(2023,0,10),(2023,0,14),(2023,0,15),(2023,0,17),(2023,0,18),(2023,0,19),(2023,0,20),(2023,0,23),(2023,0,26),(2023,0,27),(2023,0,28),(2023,0,29),(2023,0,30),(2023,0,41),(2023,0,43),(2023,0,44),(2023,0,45),(2023,0,47),(2023,0,48),(2023,0,49),(2023,0,50),(2023,0,51),(2023,0,52),(2023,0,53),(2023,0,54),(2023,0,55),(2023,0,57),(2023,0,58),(2023,0,60),(2023,0,62),(2023,0,63),(2023,0,64),(2023,0,65),(2023,0,69),(2023,0,71),(2023,0,72),(2023,0,73),(2023,0,76),(2023,0,82),(2023,0,91),(2023,0,92),(2023,0,95),(2023,0,98),(2023,0,102),(2023,0,103),(2023,0,106),(2023,0,108),(2023,0,110),(2023,0,113),(2023,0,114),(2023,0,115),(2023,0,116),(2023,0,117),(2023,0,118),(2023,0,119),(2023,0,121),(2023,0,123),(2023,0,124),(2023,0,127),(2023,0,128),(2023,0,129),(2023,0,130),(2023,0,132),(2023,0,133),(2023,0,135),(2023,0,136),(2023,0,139),(2023,0,144),(2023,0,148),(2023,0,152),(2023,0,156),(2023,0,159),(2023,0,162),(2023,0,164),(2023,0,165),(2023,0,166),(2023,0,170),(2023,0,176),(2023,0,182),(2024,0,7),(2024,0,9),(2024,0,10),(2024,0,14),(2024,0,15),(2024,0,17),(2024,0,18),(2024,0,19),(2024,0,20),(2024,0,23),(2024,0,26),(2024,0,27),(2024,0,28),(2024,0,29),(2024,0,30),(2024,0,41),(2024,0,43),(2024,0,44),(2024,0,45),(2024,0,47),(2024,0,48),(2024,0,49),(2024,0,50),(2024,0,51),(2024,0,52),(2024,0,53),(2024,0,54),(2024,0,55),(2024,0,57),(2024,0,58),(2024,0,60),(2024,0,62),(2024,0,63),(2024,0,64),(2024,0,65),(2024,0,69),(2024,0,71),(2024,0,72),(2024,0,73),(2024,0,76),(2024,0,82),(2024,0,91),(2024,0,92),(2024,0,95),(2024,0,98),(2024,0,102),(2024,0,103),(2024,0,106),(2024,0,108),(2024,0,110),(2024,0,113),(2024,0,114),(2024,0,115),(2024,0,116),(2024,0,117),(2024,0,118),(2024,0,119),(2024,0,121),(2024,0,123),(2024,0,124),(2024,0,127),(2024,0,128),(2024,0,129),(2024,0,130),(2024,0,132),(2024,0,133),(2024,0,135),(2024,0,136),(2024,0,139),(2024,0,144),(2024,0,148),(2024,0,152),(2024,0,156),(2024,0,159),(2024,0,162),(2024,0,164),(2024,0,165),(2024,0,166),(2024,0,170),(2024,0,176),(2024,0,182),(2025,0,7),(2025,0,9),(2025,0,10),(2025,0,14),(2025,0,15),(2025,0,17),(2025,0,18),(2025,0,19),(2025,0,20),(2025,0,23),(2025,0,26),(2025,0,27),(2025,0,28),(2025,0,29),(2025,0,30),(2025,0,41),(2025,0,43),(2025,0,44),(2025,0,45),(2025,0,47),(2025,0,48),(2025,0,49),(2025,0,50),(2025,0,51),(2025,0,52),(2025,0,53),(2025,0,54),(2025,0,55),(2025,0,57),(2025,0,58),(2025,0,60),(2025,0,62),(2025,0,63),(2025,0,64),(2025,0,65),(2025,0,69),(2025,0,71),(2025,0,72),(2025,0,73),(2025,0,76),(2025,0,82),(2025,0,91),(2025,0,92),(2025,0,95),(2025,0,98),(2025,0,102),(2025,0,103),(2025,0,106),(2025,0,108),(2025,0,110),(2025,0,113),(2025,0,114),(2025,0,115),(2025,0,116),(2025,0,117),(2025,0,118),(2025,0,119),(2025,0,121),(2025,0,123),(2025,0,124),(2025,0,127),(2025,0,128),(2025,0,129),(2025,0,130),(2025,0,132),(2025,0,133),(2025,0,135),(2025,0,136),(2025,0,139),(2025,0,144),(2025,0,148),(2025,0,152),(2025,0,156),(2025,0,159),(2025,0,162),(2025,0,164),(2025,0,165),(2025,0,166),(2025,0,170),(2025,0,176),(2025,0,182),(2026,0,7),(2026,0,9),(2026,0,10),(2026,0,14),(2026,0,15),(2026,0,17),(2026,0,18),(2026,0,19),(2026,0,20),(2026,0,23),(2026,0,26),(2026,0,27),(2026,0,28),(2026,0,29),(2026,0,30),(2026,0,41),(2026,0,43),(2026,0,44),(2026,0,45),(2026,0,47),(2026,0,48),(2026,0,49),(2026,0,50),(2026,0,51),(2026,0,52),(2026,0,53),(2026,0,54),(2026,0,55),(2026,0,57),(2026,0,58),(2026,0,60),(2026,0,62),(2026,0,63),(2026,0,64),(2026,0,65),(2026,0,69),(2026,0,71),(2026,0,72),(2026,0,73),(2026,0,76),(2026,0,82),(2026,0,91),(2026,0,92),(2026,0,95),(2026,0,98),(2026,0,102),(2026,0,103),(2026,0,106),(2026,0,108),(2026,0,110),(2026,0,113),(2026,0,114),(2026,0,115),(2026,0,116),(2026,0,117),(2026,0,118),(2026,0,119),(2026,0,121),(2026,0,123),(2026,0,124),(2026,0,127),(2026,0,128),(2026,0,129),(2026,0,130),(2026,0,132),(2026,0,133),(2026,0,135),(2026,0,136),(2026,0,139),(2026,0,144),(2026,0,148),(2026,0,152),(2026,0,156),(2026,0,159),(2026,0,162),(2026,0,164),(2026,0,165),(2026,0,166),(2026,0,170),(2026,0,176),(2026,0,182),(2027,0,7),(2027,0,9),(2027,0,10),(2027,0,14),(2027,0,15),(2027,0,17),(2027,0,18),(2027,0,19),(2027,0,20),(2027,0,23),(2027,0,26),(2027,0,27),(2027,0,28),(2027,0,29),(2027,0,30),(2027,0,41),(2027,0,43),(2027,0,44),(2027,0,45),(2027,0,47),(2027,0,48),(2027,0,49),(2027,0,50),(2027,0,51),(2027,0,52),(2027,0,53),(2027,0,54),(2027,0,55),(2027,0,57),(2027,0,58),(2027,0,60),(2027,0,62),(2027,0,63),(2027,0,64),(2027,0,65),(2027,0,69),(2027,0,71),(2027,0,72),(2027,0,73),(2027,0,76),(2027,0,82),(2027,0,91),(2027,0,92),(2027,0,95),(2027,0,98),(2027,0,102),(2027,0,103),(2027,0,106),(2027,0,108),(2027,0,110),(2027,0,113),(2027,0,114),(2027,0,115),(2027,0,116),(2027,0,117),(2027,0,118),(2027,0,119),(2027,0,121),(2027,0,123),(2027,0,124),(2027,0,127),(2027,0,128),(2027,0,129),(2027,0,130),(2027,0,132),(2027,0,133),(2027,0,135),(2027,0,136),(2027,0,139),(2027,0,144),(2027,0,148),(2027,0,152),(2027,0,156),(2027,0,159),(2027,0,162),(2027,0,164),(2027,0,165),(2027,0,166),(2027,0,170),(2027,0,176),(2027,0,182),(2028,0,7),(2028,0,9),(2028,0,10),(2028,0,14),(2028,0,15),(2028,0,17),(2028,0,18),(2028,0,19),(2028,0,20),(2028,0,23),(2028,0,26),(2028,0,27),(2028,0,28),(2028,0,29),(2028,0,30),(2028,0,41),(2028,0,43),(2028,0,44),(2028,0,45),(2028,0,47),(2028,0,48),(2028,0,49),(2028,0,50),(2028,0,51),(2028,0,52),(2028,0,53),(2028,0,54),(2028,0,55),(2028,0,57),(2028,0,58),(2028,0,60),(2028,0,62),(2028,0,63),(2028,0,64),(2028,0,65),(2028,0,69),(2028,0,71),(2028,0,72),(2028,0,73),(2028,0,76),(2028,0,82),(2028,0,91),(2028,0,92),(2028,0,95),(2028,0,98),(2028,0,102),(2028,0,103),(2028,0,106),(2028,0,108),(2028,0,110),(2028,0,113),(2028,0,114),(2028,0,115),(2028,0,116),(2028,0,117),(2028,0,118),(2028,0,119),(2028,0,121),(2028,0,123),(2028,0,124),(2028,0,127),(2028,0,128),(2028,0,129),(2028,0,130),(2028,0,132),(2028,0,133),(2028,0,135),(2028,0,136),(2028,0,139),(2028,0,144),(2028,0,148),(2028,0,152),(2028,0,156),(2028,0,159),(2028,0,162),(2028,0,164),(2028,0,165),(2028,0,166),(2028,0,170),(2028,0,176),(2028,0,182),(2029,0,7),(2029,0,9),(2029,0,10),(2029,0,14),(2029,0,15),(2029,0,17),(2029,0,18),(2029,0,19),(2029,0,20),(2029,0,23),(2029,0,26),(2029,0,27),(2029,0,28),(2029,0,29),(2029,0,30),(2029,0,41),(2029,0,43),(2029,0,44),(2029,0,45),(2029,0,47),(2029,0,48),(2029,0,49),(2029,0,50),(2029,0,51),(2029,0,52),(2029,0,53),(2029,0,54),(2029,0,55),(2029,0,57),(2029,0,58),(2029,0,60),(2029,0,62),(2029,0,63),(2029,0,64),(2029,0,65),(2029,0,69),(2029,0,71),(2029,0,72),(2029,0,73),(2029,0,76),(2029,0,82),(2029,0,91),(2029,0,92),(2029,0,95),(2029,0,98),(2029,0,102),(2029,0,103),(2029,0,106),(2029,0,108),(2029,0,110),(2029,0,113),(2029,0,114),(2029,0,115),(2029,0,116),(2029,0,117),(2029,0,118),(2029,0,119),(2029,0,121),(2029,0,123),(2029,0,124),(2029,0,127),(2029,0,128),(2029,0,129),(2029,0,130),(2029,0,132),(2029,0,133),(2029,0,135),(2029,0,136),(2029,0,139),(2029,0,144),(2029,0,148),(2029,0,152),(2029,0,156),(2029,0,159),(2029,0,162),(2029,0,164),(2029,0,165),(2029,0,166),(2029,0,170),(2029,0,176),(2029,0,182),(2030,0,7),(2030,0,9),(2030,0,10),(2030,0,14),(2030,0,15),(2030,0,17),(2030,0,18),(2030,0,19),(2030,0,20),(2030,0,23),(2030,0,26),(2030,0,27),(2030,0,28),(2030,0,29),(2030,0,30),(2030,0,41),(2030,0,43),(2030,0,44),(2030,0,45),(2030,0,47),(2030,0,48),(2030,0,49),(2030,0,50),(2030,0,51),(2030,0,52),(2030,0,53),(2030,0,54),(2030,0,55),(2030,0,57),(2030,0,58),(2030,0,60),(2030,0,62),(2030,0,63),(2030,0,64),(2030,0,65),(2030,0,69),(2030,0,71),(2030,0,72),(2030,0,73),(2030,0,76),(2030,0,82),(2030,0,91),(2030,0,92),(2030,0,95),(2030,0,98),(2030,0,102),(2030,0,103),(2030,0,106),(2030,0,108),(2030,0,110),(2030,0,113),(2030,0,114),(2030,0,115),(2030,0,116),(2030,0,117),(2030,0,118),(2030,0,119),(2030,0,121),(2030,0,123),(2030,0,124),(2030,0,127),(2030,0,128),(2030,0,129),(2030,0,130),(2030,0,132),(2030,0,133),(2030,0,135),(2030,0,136),(2030,0,139),(2030,0,144),(2030,0,148),(2030,0,152),(2030,0,156),(2030,0,159),(2030,0,162),(2030,0,164),(2030,0,165),(2030,0,166),(2030,0,170),(2030,0,176),(2030,0,182);
/*!40000 ALTER TABLE `estateact` ENABLE KEYS */;
UNLOCK TABLES;

--
-- Table structure for table `estatebi`
--

DROP TABLE IF EXISTS `estatebi`;
/*!40101 SET @saved_cs_client     = @@character_set_client */;
/*!40101 SET character_set_client = utf8 */;
CREATE TABLE `estatebi` (
  `year` int(11) NOT NULL,
  `bimonths` int(11) NOT NULL,
  `estateid` int(11) NOT NULL,
  PRIMARY KEY (`year`,`estateid`)
) ENGINE=InnoDB DEFAULT CHARSET=utf8;
/*!40101 SET character_set_client = @saved_cs_client */;

--
-- Dumping data for table `estatebi`
--

LOCK TABLES `estatebi` WRITE;
/*!40000 ALTER TABLE `estatebi` DISABLE KEYS */;
INSERT INTO `estatebi` VALUES (2013,3,7),(2013,3,9),(2013,3,10),(2013,3,14),(2013,3,15),(2013,3,17),(2013,3,18),(2013,3,19),(2013,3,20),(2013,3,23),(2013,3,26),(2013,3,27),(2013,3,28),(2013,3,29),(2013,3,30),(2013,3,41),(2013,3,43),(2013,3,44),(2013,3,45),(2013,3,47),(2013,3,48),(2013,3,49),(2013,3,50),(2013,3,51),(2013,3,52),(2013,3,53),(2013,3,54),(2013,3,55),(2013,3,57),(2013,3,58),(2013,3,60),(2013,3,62),(2013,3,63),(2013,3,64),(2013,3,65),(2013,3,69),(2013,3,71),(2013,3,72),(2013,3,73),(2013,3,76),(2013,3,82),(2013,3,91),(2013,3,92),(2013,3,95),(2013,3,98),(2013,3,102),(2013,3,103),(2013,3,106),(2013,3,108),(2013,3,110),(2013,3,113),(2013,3,114),(2013,3,115),(2013,3,116),(2013,3,117),(2013,3,118),(2013,3,119),(2013,3,121),(2013,3,123),(2013,3,124),(2013,3,127),(2013,3,128),(2013,3,129),(2013,3,130),(2013,3,132),(2013,3,133),(2013,3,135),(2013,3,136),(2013,3,139),(2013,3,144),(2013,3,148),(2013,3,152),(2013,3,156),(2013,3,159),(2013,3,162),(2013,3,164),(2013,3,165),(2013,3,166),(2013,3,170),(2013,3,176),(2013,3,182),(2014,3,7),(2014,3,9),(2014,3,10),(2014,3,14),(2014,3,15),(2014,3,17),(2014,3,18),(2014,3,19),(2014,3,20),(2014,3,23),(2014,3,26),(2014,3,27),(2014,3,28),(2014,3,29),(2014,3,30),(2014,3,41),(2014,3,43),(2014,3,44),(2014,3,45),(2014,3,47),(2014,3,48),(2014,3,49),(2014,3,50),(2014,3,51),(2014,3,52),(2014,3,53),(2014,3,54),(2014,3,55),(2014,3,57),(2014,3,58),(2014,3,60),(2014,3,62),(2014,3,63),(2014,3,64),(2014,3,65),(2014,3,69),(2014,3,71),(2014,3,72),(2014,3,73),(2014,3,76),(2014,3,82),(2014,3,91),(2014,3,92),(2014,3,95),(2014,3,98),(2014,3,102),(2014,3,103),(2014,3,106),(2014,3,108),(2014,3,110),(2014,3,113),(2014,3,114),(2014,3,115),(2014,3,116),(2014,3,117),(2014,3,118),(2014,3,119),(2014,3,121),(2014,3,123),(2014,3,124),(2014,3,127),(2014,3,128),(2014,3,129),(2014,3,130),(2014,3,132),(2014,3,133),(2014,3,135),(2014,3,136),(2014,3,139),(2014,3,144),(2014,3,148),(2014,3,152),(2014,3,156),(2014,3,159),(2014,3,162),(2014,3,164),(2014,3,165),(2014,3,166),(2014,3,170),(2014,3,176),(2014,3,182),(2015,3,7),(2015,3,9),(2015,3,10),(2015,3,14),(2015,3,15),(2015,3,17),(2015,3,18),(2015,3,19),(2015,3,20),(2015,3,23),(2015,3,26),(2015,3,27),(2015,3,28),(2015,3,29),(2015,3,30),(2015,3,41),(2015,3,43),(2015,3,44),(2015,3,45),(2015,3,47),(2015,3,48),(2015,3,49),(2015,3,50),(2015,3,51),(2015,3,52),(2015,3,53),(2015,3,54),(2015,3,55),(2015,3,57),(2015,3,58),(2015,3,60),(2015,3,62),(2015,3,63),(2015,3,64),(2015,3,65),(2015,3,69),(2015,3,71),(2015,3,72),(2015,3,73),(2015,3,76),(2015,3,82),(2015,3,91),(2015,3,92),(2015,3,95),(2015,3,98),(2015,3,102),(2015,3,103),(2015,3,106),(2015,3,108),(2015,3,110),(2015,3,113),(2015,3,114),(2015,3,115),(2015,3,116),(2015,3,117),(2015,3,118),(2015,3,119),(2015,3,121),(2015,3,123),(2015,3,124),(2015,3,127),(2015,3,128),(2015,3,129),(2015,3,130),(2015,3,132),(2015,3,133),(2015,3,135),(2015,3,136),(2015,3,139),(2015,3,144),(2015,3,148),(2015,3,152),(2015,3,156),(2015,3,159),(2015,3,162),(2015,3,164),(2015,3,165),(2015,3,166),(2015,3,170),(2015,3,176),(2015,3,182),(2016,3,7),(2016,3,9),(2016,3,10),(2016,3,14),(2016,3,15),(2016,3,17),(2016,3,18),(2016,3,19),(2016,3,20),(2016,3,23),(2016,3,26),(2016,3,27),(2016,3,28),(2016,3,29),(2016,3,30),(2016,3,41),(2016,3,43),(2016,3,44),(2016,3,45),(2016,3,47),(2016,3,48),(2016,3,49),(2016,3,50),(2016,3,51),(2016,3,52),(2016,3,53),(2016,3,54),(2016,3,55),(2016,3,57),(2016,3,58),(2016,3,60),(2016,3,62),(2016,3,63),(2016,3,64),(2016,3,65),(2016,3,69),(2016,3,71),(2016,3,72),(2016,3,73),(2016,3,76),(2016,3,82),(2016,3,91),(2016,3,92),(2016,3,95),(2016,3,98),(2016,3,102),(2016,3,103),(2016,3,106),(2016,3,108),(2016,3,110),(2016,3,113),(2016,3,114),(2016,3,115),(2016,3,116),(2016,3,117),(2016,3,118),(2016,3,119),(2016,3,121),(2016,3,123),(2016,3,124),(2016,3,127),(2016,3,128),(2016,3,129),(2016,3,130),(2016,3,132),(2016,3,133),(2016,3,135),(2016,3,136),(2016,3,139),(2016,3,144),(2016,3,148),(2016,3,152),(2016,3,156),(2016,3,159),(2016,3,162),(2016,3,164),(2016,3,165),(2016,3,166),(2016,3,170),(2016,3,176),(2016,3,182),(2017,3,7),(2017,3,9),(2017,3,10),(2017,3,14),(2017,3,15),(2017,3,17),(2017,3,18),(2017,12,19),(2017,3,20),(2017,3,23),(2017,12,26),(2017,12,27),(2017,3,28),(2017,12,29),(2017,3,30),(2017,12,41),(2017,3,43),(2017,3,44),(2017,12,45),(2017,12,47),(2017,12,48),(2017,3,49),(2017,3,50),(2017,3,51),(2017,12,52),(2017,3,53),(2017,3,54),(2017,3,55),(2017,3,57),(2017,3,58),(2017,12,60),(2017,3,62),(2017,12,63),(2017,3,64),(2017,12,65),(2017,3,69),(2017,3,71),(2017,3,72),(2017,12,73),(2017,3,76),(2017,12,82),(2017,12,91),(2017,12,92),(2017,3,95),(2017,3,98),(2017,12,100),(2017,3,102),(2017,12,103),(2017,3,106),(2017,3,108),(2017,12,110),(2017,3,113),(2017,3,114),(2017,3,115),(2017,3,116),(2017,3,117),(2017,3,118),(2017,12,119),(2017,3,121),(2017,3,123),(2017,12,124),(2017,12,127),(2017,3,128),(2017,3,129),(2017,3,130),(2017,3,132),(2017,3,133),(2017,12,135),(2017,12,136),(2017,12,139),(2017,3,144),(2017,3,148),(2017,12,152),(2017,3,156),(2017,3,159),(2017,3,162),(2017,3,164),(2017,3,165),(2017,3,166),(2017,3,170),(2017,12,176),(2017,3,182),(2018,3,7),(2018,3,9),(2018,3,10),(2018,3,14),(2018,3,15),(2018,3,17),(2018,3,18),(2018,12,19),(2018,3,20),(2018,3,23),(2018,12,26),(2018,12,27),(2018,3,28),(2018,12,29),(2018,3,30),(2018,12,41),(2018,3,43),(2018,3,44),(2018,12,45),(2018,12,47),(2018,12,48),(2018,3,49),(2018,3,50),(2018,3,51),(2018,12,52),(2018,3,53),(2018,3,54),(2018,3,55),(2018,3,57),(2018,3,58),(2018,12,60),(2018,3,62),(2018,12,63),(2018,3,64),(2018,12,65),(2018,3,69),(2018,3,71),(2018,3,72),(2018,12,73),(2018,3,76),(2018,12,82),(2018,12,91),(2018,12,92),(2018,3,95),(2018,3,98),(2018,12,100),(2018,3,102),(2018,12,103),(2018,3,106),(2018,3,108),(2018,12,110),(2018,3,113),(2018,3,114),(2018,3,115),(2018,3,116),(2018,3,117),(2018,3,118),(2018,12,119),(2018,3,121),(2018,3,123),(2018,12,124),(2018,12,127),(2018,3,128),(2018,3,129),(2018,3,130),(2018,3,132),(2018,3,133),(2018,12,135),(2018,12,136),(2018,12,139),(2018,3,144),(2018,3,148),(2018,12,152),(2018,3,156),(2018,3,159),(2018,3,162),(2018,3,164),(2018,3,165),(2018,3,166),(2018,3,170),(2018,12,176),(2018,3,182),(2019,3,7),(2019,3,9),(2019,3,10),(2019,3,14),(2019,3,15),(2019,3,17),(2019,3,18),(2019,12,19),(2019,3,20),(2019,3,23),(2019,12,26),(2019,12,27),(2019,3,28),(2019,12,29),(2019,3,30),(2019,12,41),(2019,3,43),(2019,3,44),(2019,12,45),(2019,12,47),(2019,12,48),(2019,3,49),(2019,3,50),(2019,3,51),(2019,12,52),(2019,3,53),(2019,3,54),(2019,3,55),(2019,3,57),(2019,3,58),(2019,12,60),(2019,3,62),(2019,12,63),(2019,3,64),(2019,12,65),(2019,3,69),(2019,3,71),(2019,3,72),(2019,12,73),(2019,3,76),(2019,12,82),(2019,12,91),(2019,12,92),(2019,3,95),(2019,3,98),(2019,12,100),(2019,3,102),(2019,12,103),(2019,3,106),(2019,3,108),(2019,12,110),(2019,3,113),(2019,3,114),(2019,3,115),(2019,3,116),(2019,3,117),(2019,3,118),(2019,12,119),(2019,3,121),(2019,3,123),(2019,12,124),(2019,12,127),(2019,3,128),(2019,3,129),(2019,3,130),(2019,3,132),(2019,3,133),(2019,12,135),(2019,12,136),(2019,12,139),(2019,3,144),(2019,3,148),(2019,12,152),(2019,3,156),(2019,3,159),(2019,3,162),(2019,3,164),(2019,3,165),(2019,3,166),(2019,3,170),(2019,12,176),(2019,3,182),(2020,3,7),(2020,3,9),(2020,3,10),(2020,3,14),(2020,3,15),(2020,3,17),(2020,3,18),(2020,12,19),(2020,3,20),(2020,3,23),(2020,12,26),(2020,12,27),(2020,3,28),(2020,12,29),(2020,3,30),(2020,12,41),(2020,3,43),(2020,3,44),(2020,12,45),(2020,12,47),(2020,12,48),(2020,3,49),(2020,3,50),(2020,3,51),(2020,12,52),(2020,3,53),(2020,3,54),(2020,3,55),(2020,3,57),(2020,3,58),(2020,12,60),(2020,3,62),(2020,12,63),(2020,3,64),(2020,12,65),(2020,3,69),(2020,3,71),(2020,3,72),(2020,12,73),(2020,3,76),(2020,12,82),(2020,12,91),(2020,12,92),(2020,3,95),(2020,3,98),(2020,12,100),(2020,3,102),(2020,12,103),(2020,3,106),(2020,3,108),(2020,12,110),(2020,3,113),(2020,3,114),(2020,3,115),(2020,3,116),(2020,3,117),(2020,3,118),(2020,12,119),(2020,3,121),(2020,3,123),(2020,12,124),(2020,12,127),(2020,3,128),(2020,3,129),(2020,3,130),(2020,3,132),(2020,3,133),(2020,12,135),(2020,12,136),(2020,12,139),(2020,3,144),(2020,3,148),(2020,12,152),(2020,3,156),(2020,3,159),(2020,3,162),(2020,3,164),(2020,3,165),(2020,3,166),(2020,3,170),(2020,12,176),(2020,3,182),(2021,3,7),(2021,3,9),(2021,3,10),(2021,3,14),(2021,3,15),(2021,3,17),(2021,3,18),(2021,12,19),(2021,3,20),(2021,3,23),(2021,12,26),(2021,12,27),(2021,3,28),(2021,12,29),(2021,3,30),(2021,12,41),(2021,3,43),(2021,3,44),(2021,12,45),(2021,12,47),(2021,12,48),(2021,3,49),(2021,3,50),(2021,3,51),(2021,12,52),(2021,3,53),(2021,3,54),(2021,3,55),(2021,3,57),(2021,3,58),(2021,12,60),(2021,3,62),(2021,12,63),(2021,3,64),(2021,12,65),(2021,3,69),(2021,3,71),(2021,3,72),(2021,12,73),(2021,3,76),(2021,12,82),(2021,12,91),(2021,12,92),(2021,3,95),(2021,3,98),(2021,12,100),(2021,3,102),(2021,12,103),(2021,3,106),(2021,3,108),(2021,12,110),(2021,3,113),(2021,3,114),(2021,3,115),(2021,3,116),(2021,3,117),(2021,3,118),(2021,12,119),(2021,3,121),(2021,3,123),(2021,12,124),(2021,12,127),(2021,3,128),(2021,3,129),(2021,3,130),(2021,3,132),(2021,3,133),(2021,12,135),(2021,12,136),(2021,12,139),(2021,3,144),(2021,3,148),(2021,12,152),(2021,3,156),(2021,3,159),(2021,3,162),(2021,3,164),(2021,3,165),(2021,3,166),(2021,3,170),(2021,12,176),(2021,3,182),(2022,3,7),(2022,3,9),(2022,3,10),(2022,3,14),(2022,3,15),(2022,3,17),(2022,3,18),(2022,12,19),(2022,3,20),(2022,3,23),(2022,12,26),(2022,12,27),(2022,3,28),(2022,12,29),(2022,3,30),(2022,12,41),(2022,3,43),(2022,3,44),(2022,12,45),(2022,12,47),(2022,12,48),(2022,3,49),(2022,3,50),(2022,3,51),(2022,12,52),(2022,3,53),(2022,3,54),(2022,3,55),(2022,3,57),(2022,3,58),(2022,12,60),(2022,3,62),(2022,12,63),(2022,3,64),(2022,12,65),(2022,3,69),(2022,3,71),(2022,3,72),(2022,12,73),(2022,3,76),(2022,12,82),(2022,12,91),(2022,12,92),(2022,3,95),(2022,3,98),(2022,12,100),(2022,3,102),(2022,12,103),(2022,3,106),(2022,3,108),(2022,12,110),(2022,3,113),(2022,3,114),(2022,3,115),(2022,3,116),(2022,3,117),(2022,3,118),(2022,12,119),(2022,3,121),(2022,3,123),(2022,12,124),(2022,12,127),(2022,3,128),(2022,3,129),(2022,3,130),(2022,3,132),(2022,3,133),(2022,12,135),(2022,12,136),(2022,12,139),(2022,3,144),(2022,3,148),(2022,12,152),(2022,3,156),(2022,3,159),(2022,3,162),(2022,3,164),(2022,3,165),(2022,3,166),(2022,3,170),(2022,12,176),(2022,3,182),(2023,3,7),(2023,3,9),(2023,3,10),(2023,3,14),(2023,3,15),(2023,3,17),(2023,3,18),(2023,12,19),(2023,3,20),(2023,3,23),(2023,12,26),(2023,12,27),(2023,3,28),(2023,12,29),(2023,3,30),(2023,12,41),(2023,3,43),(2023,3,44),(2023,12,45),(2023,12,47),(2023,12,48),(2023,3,49),(2023,3,50),(2023,3,51),(2023,12,52),(2023,3,53),(2023,3,54),(2023,3,55),(2023,3,57),(2023,3,58),(2023,12,60),(2023,3,62),(2023,12,63),(2023,3,64),(2023,12,65),(2023,3,69),(2023,3,71),(2023,3,72),(2023,12,73),(2023,3,76),(2023,12,82),(2023,12,91),(2023,12,92),(2023,3,95),(2023,3,98),(2023,12,100),(2023,3,102),(2023,12,103),(2023,3,106),(2023,3,108),(2023,12,110),(2023,3,113),(2023,3,114),(2023,3,115),(2023,3,116),(2023,3,117),(2023,3,118),(2023,12,119),(2023,3,121),(2023,3,123),(2023,12,124),(2023,12,127),(2023,3,128),(2023,3,129),(2023,3,130),(2023,3,132),(2023,3,133),(2023,12,135),(2023,12,136),(2023,12,139),(2023,3,144),(2023,3,148),(2023,12,152),(2023,3,156),(2023,3,159),(2023,3,162),(2023,3,164),(2023,3,165),(2023,3,166),(2023,3,170),(2023,12,176),(2023,3,182),(2024,3,7),(2024,3,9),(2024,3,10),(2024,3,14),(2024,3,15),(2024,3,17),(2024,3,18),(2024,12,19),(2024,3,20),(2024,3,23),(2024,12,26),(2024,12,27),(2024,3,28),(2024,12,29),(2024,3,30),(2024,12,41),(2024,3,43),(2024,3,44),(2024,12,45),(2024,12,47),(2024,12,48),(2024,3,49),(2024,3,50),(2024,3,51),(2024,12,52),(2024,3,53),(2024,3,54),(2024,3,55),(2024,3,57),(2024,3,58),(2024,12,60),(2024,3,62),(2024,12,63),(2024,3,64),(2024,12,65),(2024,3,69),(2024,3,71),(2024,3,72),(2024,12,73),(2024,3,76),(2024,12,82),(2024,12,91),(2024,12,92),(2024,3,95),(2024,3,98),(2024,12,100),(2024,3,102),(2024,12,103),(2024,3,106),(2024,3,108),(2024,12,110),(2024,3,113),(2024,3,114),(2024,3,115),(2024,3,116),(2024,3,117),(2024,3,118),(2024,12,119),(2024,3,121),(2024,3,123),(2024,12,124),(2024,12,127),(2024,3,128),(2024,3,129),(2024,3,130),(2024,3,132),(2024,3,133),(2024,12,135),(2024,12,136),(2024,12,139),(2024,3,144),(2024,3,148),(2024,12,152),(2024,3,156),(2024,3,159),(2024,3,162),(2024,3,164),(2024,3,165),(2024,3,166),(2024,3,170),(2024,12,176),(2024,3,182),(2025,3,7),(2025,3,9),(2025,3,10),(2025,3,14),(2025,3,15),(2025,3,17),(2025,3,18),(2025,12,19),(2025,3,20),(2025,3,23),(2025,12,26),(2025,12,27),(2025,3,28),(2025,12,29),(2025,3,30),(2025,12,41),(2025,3,43),(2025,3,44),(2025,12,45),(2025,12,47),(2025,12,48),(2025,3,49),(2025,3,50),(2025,3,51),(2025,12,52),(2025,3,53),(2025,3,54),(2025,3,55),(2025,3,57),(2025,3,58),(2025,12,60),(2025,3,62),(2025,12,63),(2025,3,64),(2025,12,65),(2025,3,69),(2025,3,71),(2025,3,72),(2025,12,73),(2025,3,76),(2025,12,82),(2025,12,91),(2025,12,92),(2025,3,95),(2025,3,98),(2025,12,100),(2025,3,102),(2025,12,103),(2025,3,106),(2025,3,108),(2025,12,110),(2025,3,113),(2025,3,114),(2025,3,115),(2025,3,116),(2025,3,117),(2025,3,118),(2025,12,119),(2025,3,121),(2025,3,123),(2025,12,124),(2025,12,127),(2025,3,128),(2025,3,129),(2025,3,130),(2025,3,132),(2025,3,133),(2025,12,135),(2025,12,136),(2025,12,139),(2025,3,144),(2025,3,148),(2025,12,152),(2025,3,156),(2025,3,159),(2025,3,162),(2025,3,164),(2025,3,165),(2025,3,166),(2025,3,170),(2025,12,176),(2025,3,182),(2026,3,7),(2026,3,9),(2026,3,10),(2026,3,14),(2026,3,15),(2026,3,17),(2026,3,18),(2026,12,19),(2026,3,20),(2026,3,23),(2026,12,26),(2026,12,27),(2026,3,28),(2026,12,29),(2026,3,30),(2026,12,41),(2026,3,43),(2026,3,44),(2026,12,45),(2026,12,47),(2026,12,48),(2026,3,49),(2026,3,50),(2026,3,51),(2026,12,52),(2026,3,53),(2026,3,54),(2026,3,55),(2026,3,57),(2026,3,58),(2026,12,60),(2026,3,62),(2026,12,63),(2026,3,64),(2026,12,65),(2026,3,69),(2026,3,71),(2026,3,72),(2026,12,73),(2026,3,76),(2026,12,82),(2026,12,91),(2026,12,92),(2026,3,95),(2026,3,98),(2026,12,100),(2026,3,102),(2026,12,103),(2026,3,106),(2026,3,108),(2026,12,110),(2026,3,113),(2026,3,114),(2026,3,115),(2026,3,116),(2026,3,117),(2026,3,118),(2026,12,119),(2026,3,121),(2026,3,123),(2026,12,124),(2026,12,127),(2026,3,128),(2026,3,129),(2026,3,130),(2026,3,132),(2026,3,133),(2026,12,135),(2026,12,136),(2026,12,139),(2026,3,144),(2026,3,148),(2026,12,152),(2026,3,156),(2026,3,159),(2026,3,162),(2026,3,164),(2026,3,165),(2026,3,166),(2026,3,170),(2026,12,176),(2026,3,182),(2027,3,7),(2027,3,9),(2027,3,10),(2027,3,14),(2027,3,15),(2027,3,17),(2027,3,18),(2027,12,19),(2027,3,20),(2027,3,23),(2027,12,26),(2027,12,27),(2027,3,28),(2027,12,29),(2027,3,30),(2027,12,41),(2027,3,43),(2027,3,44),(2027,12,45),(2027,12,47),(2027,12,48),(2027,3,49),(2027,3,50),(2027,3,51),(2027,12,52),(2027,3,53),(2027,3,54),(2027,3,55),(2027,3,57),(2027,3,58),(2027,12,60),(2027,3,62),(2027,12,63),(2027,3,64),(2027,12,65),(2027,3,69),(2027,3,71),(2027,3,72),(2027,12,73),(2027,3,76),(2027,12,82),(2027,12,91),(2027,12,92),(2027,3,95),(2027,3,98),(2027,12,100),(2027,3,102),(2027,12,103),(2027,3,106),(2027,3,108),(2027,12,110),(2027,3,113),(2027,3,114),(2027,3,115),(2027,3,116),(2027,3,117),(2027,3,118),(2027,12,119),(2027,3,121),(2027,3,123),(2027,12,124),(2027,12,127),(2027,3,128),(2027,3,129),(2027,3,130),(2027,3,132),(2027,3,133),(2027,12,135),(2027,12,136),(2027,12,139),(2027,3,144),(2027,3,148),(2027,12,152),(2027,3,156),(2027,3,159),(2027,3,162),(2027,3,164),(2027,3,165),(2027,3,166),(2027,3,170),(2027,12,176),(2027,3,182),(2028,3,7),(2028,3,9),(2028,3,10),(2028,3,14),(2028,3,15),(2028,3,17),(2028,3,18),(2028,12,19),(2028,3,20),(2028,3,23),(2028,12,26),(2028,12,27),(2028,3,28),(2028,12,29),(2028,3,30),(2028,12,41),(2028,3,43),(2028,3,44),(2028,12,45),(2028,12,47),(2028,12,48),(2028,3,49),(2028,3,50),(2028,3,51),(2028,12,52),(2028,3,53),(2028,3,54),(2028,3,55),(2028,3,57),(2028,3,58),(2028,12,60),(2028,3,62),(2028,12,63),(2028,3,64),(2028,12,65),(2028,3,69),(2028,3,71),(2028,3,72),(2028,12,73),(2028,3,76),(2028,12,82),(2028,12,91),(2028,12,92),(2028,3,95),(2028,3,98),(2028,12,100),(2028,3,102),(2028,12,103),(2028,3,106),(2028,3,108),(2028,12,110),(2028,3,113),(2028,3,114),(2028,3,115),(2028,3,116),(2028,3,117),(2028,3,118),(2028,12,119),(2028,3,121),(2028,3,123),(2028,12,124),(2028,12,127),(2028,3,128),(2028,3,129),(2028,3,130),(2028,3,132),(2028,3,133),(2028,12,135),(2028,12,136),(2028,12,139),(2028,3,144),(2028,3,148),(2028,12,152),(2028,3,156),(2028,3,159),(2028,3,162),(2028,3,164),(2028,3,165),(2028,3,166),(2028,3,170),(2028,12,176),(2028,3,182),(2029,3,7),(2029,3,9),(2029,3,10),(2029,3,14),(2029,3,15),(2029,3,17),(2029,3,18),(2029,12,19),(2029,3,20),(2029,3,23),(2029,12,26),(2029,12,27),(2029,3,28),(2029,12,29),(2029,3,30),(2029,12,41),(2029,3,43),(2029,3,44),(2029,12,45),(2029,12,47),(2029,12,48),(2029,3,49),(2029,3,50),(2029,3,51),(2029,12,52),(2029,3,53),(2029,3,54),(2029,3,55),(2029,3,57),(2029,3,58),(2029,12,60),(2029,3,62),(2029,12,63),(2029,3,64),(2029,12,65),(2029,3,69),(2029,3,71),(2029,3,72),(2029,12,73),(2029,3,76),(2029,12,82),(2029,12,91),(2029,12,92),(2029,3,95),(2029,3,98),(2029,12,100),(2029,3,102),(2029,12,103),(2029,3,106),(2029,3,108),(2029,12,110),(2029,3,113),(2029,3,114),(2029,3,115),(2029,3,116),(2029,3,117),(2029,3,118),(2029,12,119),(2029,3,121),(2029,3,123),(2029,12,124),(2029,12,127),(2029,3,128),(2029,3,129),(2029,3,130),(2029,3,132),(2029,3,133),(2029,12,135),(2029,12,136),(2029,12,139),(2029,3,144),(2029,3,148),(2029,12,152),(2029,3,156),(2029,3,159),(2029,3,162),(2029,3,164),(2029,3,165),(2029,3,166),(2029,3,170),(2029,12,176),(2029,3,182),(2030,3,7),(2030,3,9),(2030,3,10),(2030,3,14),(2030,3,15),(2030,3,17),(2030,3,18),(2030,12,19),(2030,3,20),(2030,3,23),(2030,12,26),(2030,12,27),(2030,3,28),(2030,12,29),(2030,3,30),(2030,12,41),(2030,3,43),(2030,3,44),(2030,12,45),(2030,12,47),(2030,12,48),(2030,3,49),(2030,3,50),(2030,3,51),(2030,12,52),(2030,3,53),(2030,3,54),(2030,3,55),(2030,3,57),(2030,3,58),(2030,3,60),(2030,3,62),(2030,12,63),(2030,3,64),(2030,12,65),(2030,3,69),(2030,3,71),(2030,3,72),(2030,12,73),(2030,3,76),(2030,12,82),(2030,12,91),(2030,3,92),(2030,3,95),(2030,3,98),(2030,12,100),(2030,3,102),(2030,12,103),(2030,3,106),(2030,3,108),(2030,12,110),(2030,3,113),(2030,3,114),(2030,3,115),(2030,3,116),(2030,3,117),(2030,3,118),(2030,3,119),(2030,3,121),(2030,3,123),(2030,12,124),(2030,12,127),(2030,3,128),(2030,3,129),(2030,3,130),(2030,3,132),(2030,3,133),(2030,3,135),(2030,3,136),(2030,3,139),(2030,3,144),(2030,3,148),(2030,3,152),(2030,3,156),(2030,3,159),(2030,3,162),(2030,3,164),(2030,3,165),(2030,3,166),(2030,3,170),(2030,3,176),(2030,3,182);
/*!40000 ALTER TABLE `estatebi` ENABLE KEYS */;
UNLOCK TABLES;

--
-- Temporary table structure for view `estatedc_consum`
--

DROP TABLE IF EXISTS `estatedc_consum`;
/*!50001 DROP VIEW IF EXISTS `estatedc_consum`*/;
SET @saved_cs_client     = @@character_set_client;
SET character_set_client = utf8;
/*!50001 CREATE TABLE `estatedc_consum` (
  `conamount` tinyint NOT NULL,
  `contax` tinyint NOT NULL,
  `estateid` tinyint NOT NULL,
  `year` tinyint NOT NULL,
  `conmonths` tinyint NOT NULL
) ENGINE=MyISAM */;
SET character_set_client = @saved_cs_client;

--
-- Temporary table structure for view `estatedc_opsum`
--

DROP TABLE IF EXISTS `estatedc_opsum`;
/*!50001 DROP VIEW IF EXISTS `estatedc_opsum`*/;
SET @saved_cs_client     = @@character_set_client;
SET character_set_client = utf8;
/*!50001 CREATE TABLE `estatedc_opsum` (
  `opamount` tinyint NOT NULL,
  `optax` tinyint NOT NULL,
  `estateid` tinyint NOT NULL,
  `year` tinyint NOT NULL,
  `opmonths` tinyint NOT NULL
) ENGINE=MyISAM */;
SET character_set_client = @saved_cs_client;

--
-- Temporary table structure for view `estatedc_paysum`
--

DROP TABLE IF EXISTS `estatedc_paysum`;
/*!50001 DROP VIEW IF EXISTS `estatedc_paysum`*/;
SET @saved_cs_client     = @@character_set_client;
SET character_set_client = utf8;
/*!50001 CREATE TABLE `estatedc_paysum` (
  `payamount` tinyint NOT NULL,
  `estateid` tinyint NOT NULL,
  `year` tinyint NOT NULL
) ENGINE=MyISAM */;
SET character_set_client = @saved_cs_client;

--
-- Temporary table structure for view `estatedc_sum`
--

DROP TABLE IF EXISTS `estatedc_sum`;
/*!50001 DROP VIEW IF EXISTS `estatedc_sum`*/;
SET @saved_cs_client     = @@character_set_client;
SET character_set_client = utf8;
/*!50001 CREATE TABLE `estatedc_sum` (
  `sumamount` tinyint NOT NULL,
  `sumtax` tinyint NOT NULL,
  `estateid` tinyint NOT NULL,
  `type` tinyint NOT NULL,
  `year` tinyint NOT NULL,
  `months` tinyint NOT NULL
) ENGINE=MyISAM */;
SET character_set_client = @saved_cs_client;

--
-- Temporary table structure for view `estatedc_sums`
--

DROP TABLE IF EXISTS `estatedc_sums`;
/*!50001 DROP VIEW IF EXISTS `estatedc_sums`*/;
SET @saved_cs_client     = @@character_set_client;
SET character_set_client = utf8;
/*!50001 CREATE TABLE `estatedc_sums` (
  `conamount` tinyint NOT NULL,
  `contax` tinyint NOT NULL,
  `conmonths` tinyint NOT NULL,
  `opamount` tinyint NOT NULL,
  `optax` tinyint NOT NULL,
  `opmonths` tinyint NOT NULL,
  `payamount` tinyint NOT NULL,
  `estateid` tinyint NOT NULL,
  `year` tinyint NOT NULL,
  `total` tinyint NOT NULL
) ENGINE=MyISAM */;
SET character_set_client = @saved_cs_client;

--
-- Table structure for table `estatedcs`
--

DROP TABLE IF EXISTS `estatedcs`;
/*!40101 SET @saved_cs_client     = @@character_set_client */;
/*!40101 SET character_set_client = utf8 */;
CREATE TABLE `estatedcs` (
  `date` timestamp NOT NULL DEFAULT CURRENT_TIMESTAMP,
  `amount` decimal(7,2) NOT NULL,
  `tax` decimal(7,2) NOT NULL,
  `type` varchar(45) NOT NULL,
  `year` int(11) NOT NULL,
  `months` int(11) NOT NULL,
  `estateid` int(11) NOT NULL,
  `estatedcid` int(11) NOT NULL AUTO_INCREMENT,
  PRIMARY KEY (`estatedcid`,`estateid`)
) ENGINE=InnoDB AUTO_INCREMENT=831 DEFAULT CHARSET=utf8;
/*!40101 SET character_set_client = @saved_cs_client */;

--
-- Dumping data for table `estatedcs`
--

LOCK TABLES `estatedcs` WRITE;
/*!40000 ALTER TABLE `estatedcs` DISABLE KEYS */;
INSERT INTO `estatedcs` VALUES ('2017-02-14 23:00:00',-40.00,-10.00,'connection-fee',2017,1,7,1),('2017-02-14 23:00:00',-40.00,-10.00,'connection-fee',2017,1,9,2),('2017-02-14 23:00:00',-40.00,-10.00,'connection-fee',2017,1,10,3),('2017-02-14 23:00:00',-40.00,-10.00,'connection-fee',2017,1,14,4),('2017-02-14 23:00:00',-40.00,-10.00,'connection-fee',2017,1,15,5),('2017-02-14 23:00:00',-40.00,-10.00,'connection-fee',2017,1,17,6),('2017-02-14 23:00:00',-40.00,-10.00,'connection-fee',2017,1,18,7),('2017-02-14 23:00:00',-40.00,-10.00,'connection-fee',2017,1,19,8),('2017-02-14 23:00:00',-40.00,-10.00,'connection-fee',2017,1,20,9),('2017-02-14 23:00:00',-40.00,-10.00,'connection-fee',2017,1,23,10),('2017-02-14 23:00:00',-40.00,-10.00,'connection-fee',2017,1,26,11),('2017-02-14 23:00:00',-40.00,-10.00,'connection-fee',2017,1,27,12),('2017-02-14 23:00:00',-40.00,-10.00,'connection-fee',2017,1,28,13),('2017-02-14 23:00:00',-40.00,-10.00,'connection-fee',2017,1,29,14),('2017-02-14 23:00:00',-40.00,-10.00,'connection-fee',2017,1,30,15),('2017-02-14 23:00:00',-40.00,-10.00,'connection-fee',2017,1,41,16),('2017-02-14 23:00:00',-40.00,-10.00,'connection-fee',2017,1,43,17),('2017-02-14 23:00:00',-40.00,-10.00,'connection-fee',2017,1,44,18),('2017-02-14 23:00:00',-40.00,-10.00,'connection-fee',2017,1,45,19),('2017-02-14 23:00:00',-40.00,-10.00,'connection-fee',2017,1,47,20),('2017-02-14 23:00:00',-40.00,-10.00,'connection-fee',2017,1,48,21),('2017-02-14 23:00:00',-40.00,-10.00,'connection-fee',2017,1,49,22),('2017-02-14 23:00:00',-40.00,-10.00,'connection-fee',2017,1,50,23),('2017-02-14 23:00:00',-40.00,-10.00,'connection-fee',2017,1,51,24),('2017-02-14 23:00:00',-40.00,-10.00,'connection-fee',2017,1,52,25),('2017-02-14 23:00:00',-40.00,-10.00,'connection-fee',2017,1,53,26),('2017-02-14 23:00:00',-40.00,-10.00,'connection-fee',2017,1,54,27),('2017-02-14 23:00:00',-40.00,-10.00,'connection-fee',2017,1,55,28),('2017-02-14 23:00:00',-40.00,-10.00,'connection-fee',2017,1,57,29),('2017-02-14 23:00:00',-40.00,-10.00,'connection-fee',2017,1,58,30),('2017-02-14 23:00:00',-40.00,-10.00,'connection-fee',2017,1,60,31),('2017-02-14 23:00:00',-40.00,-10.00,'connection-fee',2017,1,62,32),('2017-02-14 23:00:00',-40.00,-10.00,'connection-fee',2017,1,63,33),('2017-02-14 23:00:00',-40.00,-10.00,'connection-fee',2017,1,64,34),('2017-02-14 23:00:00',-40.00,-10.00,'connection-fee',2017,1,65,35),('2017-02-14 23:00:00',-40.00,-10.00,'connection-fee',2017,1,69,36),('2017-02-14 23:00:00',-40.00,-10.00,'connection-fee',2017,1,71,37),('2017-02-14 23:00:00',-40.00,-10.00,'connection-fee',2017,1,72,38),('2017-02-14 23:00:00',-40.00,-10.00,'connection-fee',2017,1,73,39),('2017-02-14 23:00:00',-40.00,-10.00,'connection-fee',2017,1,76,40),('2017-02-14 23:00:00',-40.00,-10.00,'connection-fee',2017,1,82,41),('2017-02-14 23:00:00',-40.00,-10.00,'connection-fee',2017,1,91,42),('2017-02-14 23:00:00',-40.00,-10.00,'connection-fee',2017,1,92,43),('2017-02-14 23:00:00',-40.00,-10.00,'connection-fee',2017,1,95,44),('2017-02-14 23:00:00',-40.00,-10.00,'connection-fee',2017,1,98,45),('2017-02-14 23:00:00',-40.00,-10.00,'connection-fee',2017,1,102,46),('2017-02-14 23:00:00',-40.00,-10.00,'connection-fee',2017,1,103,47),('2017-02-14 23:00:00',-40.00,-10.00,'connection-fee',2017,1,106,48),('2017-02-14 23:00:00',-40.00,-10.00,'connection-fee',2017,1,108,49),('2017-02-14 23:00:00',-40.00,-10.00,'connection-fee',2017,1,110,50),('2017-02-14 23:00:00',-40.00,-10.00,'connection-fee',2017,1,113,51),('2017-02-14 23:00:00',-40.00,-10.00,'connection-fee',2017,1,114,52),('2017-02-14 23:00:00',-40.00,-10.00,'connection-fee',2017,1,115,53),('2017-02-14 23:00:00',-40.00,-10.00,'connection-fee',2017,1,116,54),('2017-02-14 23:00:00',-40.00,-10.00,'connection-fee',2017,1,117,55),('2017-02-14 23:00:00',-40.00,-10.00,'connection-fee',2017,1,118,56),('2017-02-14 23:00:00',-40.00,-10.00,'connection-fee',2017,1,119,57),('2017-02-14 23:00:00',-40.00,-10.00,'connection-fee',2017,1,121,58),('2017-02-14 23:00:00',-40.00,-10.00,'connection-fee',2017,1,123,59),('2017-02-14 23:00:00',-40.00,-10.00,'connection-fee',2017,1,124,60),('2017-02-14 23:00:00',-40.00,-10.00,'connection-fee',2017,1,127,61),('2017-02-14 23:00:00',-40.00,-10.00,'connection-fee',2017,1,128,62),('2017-02-14 23:00:00',-40.00,-10.00,'connection-fee',2017,1,129,63),('2017-02-14 23:00:00',-40.00,-10.00,'connection-fee',2017,1,130,64),('2017-02-14 23:00:00',-40.00,-10.00,'connection-fee',2017,1,132,65),('2017-02-14 23:00:00',-40.00,-10.00,'connection-fee',2017,1,133,66),('2017-02-14 23:00:00',-40.00,-10.00,'connection-fee',2017,1,135,67),('2017-02-14 23:00:00',-40.00,-10.00,'connection-fee',2017,1,136,68),('2017-02-14 23:00:00',-40.00,-10.00,'connection-fee',2017,1,139,69),('2017-02-14 23:00:00',-40.00,-10.00,'connection-fee',2017,1,144,70),('2017-02-14 23:00:00',-40.00,-10.00,'connection-fee',2017,1,148,71),('2017-02-14 23:00:00',-40.00,-10.00,'connection-fee',2017,1,152,72),('2017-02-14 23:00:00',-40.00,-10.00,'connection-fee',2017,1,156,73),('2017-02-14 23:00:00',-40.00,-10.00,'connection-fee',2017,1,159,74),('2017-02-14 23:00:00',-40.00,-10.00,'connection-fee',2017,1,162,75),('2017-02-14 23:00:00',-40.00,-10.00,'connection-fee',2017,1,164,76),('2017-02-14 23:00:00',-40.00,-10.00,'connection-fee',2017,1,165,77),('2017-02-14 23:00:00',-40.00,-10.00,'connection-fee',2017,1,166,78),('2017-02-14 23:00:00',-40.00,-10.00,'connection-fee',2017,1,170,79),('2017-02-14 23:00:00',-40.00,-10.00,'connection-fee',2017,1,176,80),('2017-02-14 23:00:00',-40.00,-10.00,'connection-fee',2017,1,182,81),('2017-02-13 23:00:00',-90.00,-22.50,'operator-fee',2017,1,9,82),('2017-02-13 23:00:00',-90.00,-22.50,'operator-fee',2017,1,156,83),('2017-02-14 23:00:00',-90.00,-22.50,'operator-fee',2017,1,127,84),('2017-04-09 22:00:00',-90.00,-22.50,'operator-fee',2017,1,26,85),('2017-04-09 22:00:00',-90.00,-22.50,'operator-fee',2017,1,27,86),('2017-04-09 22:00:00',-90.00,-22.50,'operator-fee',2017,1,29,87),('2017-04-09 22:00:00',-90.00,-22.50,'operator-fee',2017,1,45,88),('2017-04-09 22:00:00',-90.00,-22.50,'operator-fee',2017,1,48,89),('2017-04-09 22:00:00',-90.00,-22.50,'operator-fee',2017,1,60,90),('2017-04-09 22:00:00',-90.00,-22.50,'operator-fee',2017,1,63,91),('2017-04-09 22:00:00',-90.00,-22.50,'operator-fee',2017,1,65,92),('2017-04-09 22:00:00',-90.00,-22.50,'operator-fee',2017,1,73,93),('2017-04-09 22:00:00',-90.00,-22.50,'operator-fee',2017,1,82,94),('2017-04-09 22:00:00',-90.00,-22.50,'operator-fee',2017,1,92,95),('2017-04-09 22:00:00',-90.00,-22.50,'operator-fee',2017,1,103,96),('2017-04-09 22:00:00',-90.00,-22.50,'operator-fee',2017,1,110,97),('2017-04-09 22:00:00',-90.00,-22.50,'operator-fee',2017,1,119,98),('2017-04-09 22:00:00',-90.00,-22.50,'operator-fee',2017,1,124,99),('2017-04-09 22:00:00',-90.00,-22.50,'operator-fee',2017,1,135,100),('2017-04-09 22:00:00',-90.00,-22.50,'operator-fee',2017,1,176,101),('2017-02-14 23:00:00',-40.00,-10.00,'connection-fee',2017,2,7,102),('2017-02-14 23:00:00',-40.00,-10.00,'connection-fee',2017,2,9,103),('2017-02-14 23:00:00',-40.00,-10.00,'connection-fee',2017,2,10,104),('2017-02-14 23:00:00',-40.00,-10.00,'connection-fee',2017,2,14,105),('2017-02-14 23:00:00',-40.00,-10.00,'connection-fee',2017,2,15,106),('2017-02-14 23:00:00',-40.00,-10.00,'connection-fee',2017,2,17,107),('2017-02-14 23:00:00',-40.00,-10.00,'connection-fee',2017,2,18,108),('2017-02-14 23:00:00',-40.00,-10.00,'connection-fee',2017,2,19,109),('2017-02-14 23:00:00',-40.00,-10.00,'connection-fee',2017,2,20,110),('2017-02-14 23:00:00',-40.00,-10.00,'connection-fee',2017,2,23,111),('2017-02-14 23:00:00',-40.00,-10.00,'connection-fee',2017,2,26,112),('2017-02-14 23:00:00',-40.00,-10.00,'connection-fee',2017,2,27,113),('2017-02-14 23:00:00',-40.00,-10.00,'connection-fee',2017,2,28,114),('2017-02-14 23:00:00',-40.00,-10.00,'connection-fee',2017,2,29,115),('2017-02-14 23:00:00',-40.00,-10.00,'connection-fee',2017,2,30,116),('2017-02-14 23:00:00',-40.00,-10.00,'connection-fee',2017,2,41,117),('2017-02-14 23:00:00',-40.00,-10.00,'connection-fee',2017,2,43,118),('2017-02-14 23:00:00',-40.00,-10.00,'connection-fee',2017,2,44,119),('2017-02-14 23:00:00',-40.00,-10.00,'connection-fee',2017,2,45,120),('2017-02-14 23:00:00',-40.00,-10.00,'connection-fee',2017,2,47,121),('2017-02-14 23:00:00',-40.00,-10.00,'connection-fee',2017,2,48,122),('2017-02-14 23:00:00',-40.00,-10.00,'connection-fee',2017,2,49,123),('2017-02-14 23:00:00',-40.00,-10.00,'connection-fee',2017,2,50,124),('2017-02-14 23:00:00',-40.00,-10.00,'connection-fee',2017,2,51,125),('2017-02-14 23:00:00',-40.00,-10.00,'connection-fee',2017,2,52,126),('2017-02-14 23:00:00',-40.00,-10.00,'connection-fee',2017,2,53,127),('2017-02-14 23:00:00',-40.00,-10.00,'connection-fee',2017,2,54,128),('2017-02-14 23:00:00',-40.00,-10.00,'connection-fee',2017,2,55,129),('2017-02-14 23:00:00',-40.00,-10.00,'connection-fee',2017,2,57,130),('2017-02-14 23:00:00',-40.00,-10.00,'connection-fee',2017,2,58,131),('2017-02-14 23:00:00',-40.00,-10.00,'connection-fee',2017,2,60,132),('2017-02-14 23:00:00',-40.00,-10.00,'connection-fee',2017,2,62,133),('2017-02-14 23:00:00',-40.00,-10.00,'connection-fee',2017,2,63,134),('2017-02-14 23:00:00',-40.00,-10.00,'connection-fee',2017,2,64,135),('2017-02-14 23:00:00',-40.00,-10.00,'connection-fee',2017,2,65,136),('2017-02-14 23:00:00',-40.00,-10.00,'connection-fee',2017,2,69,137),('2017-02-14 23:00:00',-40.00,-10.00,'connection-fee',2017,2,71,138),('2017-02-14 23:00:00',-40.00,-10.00,'connection-fee',2017,2,72,139),('2017-02-14 23:00:00',-40.00,-10.00,'connection-fee',2017,2,73,140),('2017-02-14 23:00:00',-40.00,-10.00,'connection-fee',2017,2,76,141),('2017-02-14 23:00:00',-40.00,-10.00,'connection-fee',2017,2,82,142),('2017-02-14 23:00:00',-40.00,-10.00,'connection-fee',2017,2,91,143),('2017-02-14 23:00:00',-40.00,-10.00,'connection-fee',2017,2,92,144),('2017-02-14 23:00:00',-40.00,-10.00,'connection-fee',2017,2,95,145),('2017-02-14 23:00:00',-40.00,-10.00,'connection-fee',2017,2,98,146),('2017-02-14 23:00:00',-40.00,-10.00,'connection-fee',2017,2,102,147),('2017-02-14 23:00:00',-40.00,-10.00,'connection-fee',2017,2,103,148),('2017-02-14 23:00:00',-40.00,-10.00,'connection-fee',2017,2,106,149),('2017-02-14 23:00:00',-40.00,-10.00,'connection-fee',2017,2,108,150),('2017-02-14 23:00:00',-40.00,-10.00,'connection-fee',2017,2,110,151),('2017-02-14 23:00:00',-40.00,-10.00,'connection-fee',2017,2,113,152),('2017-02-14 23:00:00',-40.00,-10.00,'connection-fee',2017,2,114,153),('2017-02-14 23:00:00',-40.00,-10.00,'connection-fee',2017,2,115,154),('2017-02-14 23:00:00',-40.00,-10.00,'connection-fee',2017,2,116,155),('2017-02-14 23:00:00',-40.00,-10.00,'connection-fee',2017,2,117,156),('2017-02-14 23:00:00',-40.00,-10.00,'connection-fee',2017,2,118,157),('2017-02-14 23:00:00',-40.00,-10.00,'connection-fee',2017,2,119,158),('2017-02-14 23:00:00',-40.00,-10.00,'connection-fee',2017,2,121,159),('2017-02-14 23:00:00',-40.00,-10.00,'connection-fee',2017,2,123,160),('2017-02-14 23:00:00',-40.00,-10.00,'connection-fee',2017,2,124,161),('2017-02-14 23:00:00',-40.00,-10.00,'connection-fee',2017,2,127,162),('2017-02-14 23:00:00',-40.00,-10.00,'connection-fee',2017,2,128,163),('2017-02-14 23:00:00',-40.00,-10.00,'connection-fee',2017,2,129,164),('2017-02-14 23:00:00',-40.00,-10.00,'connection-fee',2017,2,130,165),('2017-02-14 23:00:00',-40.00,-10.00,'connection-fee',2017,2,132,166),('2017-02-14 23:00:00',-40.00,-10.00,'connection-fee',2017,2,133,167),('2017-02-14 23:00:00',-40.00,-10.00,'connection-fee',2017,2,135,168),('2017-02-14 23:00:00',-40.00,-10.00,'connection-fee',2017,2,136,169),('2017-02-14 23:00:00',-40.00,-10.00,'connection-fee',2017,2,139,170),('2017-02-14 23:00:00',-40.00,-10.00,'connection-fee',2017,2,144,171),('2017-02-14 23:00:00',-40.00,-10.00,'connection-fee',2017,2,148,172),('2017-02-14 23:00:00',-40.00,-10.00,'connection-fee',2017,2,152,173),('2017-02-14 23:00:00',-40.00,-10.00,'connection-fee',2017,2,156,174),('2017-02-14 23:00:00',-40.00,-10.00,'connection-fee',2017,2,159,175),('2017-02-14 23:00:00',-40.00,-10.00,'connection-fee',2017,2,162,176),('2017-02-14 23:00:00',-40.00,-10.00,'connection-fee',2017,2,164,177),('2017-02-14 23:00:00',-40.00,-10.00,'connection-fee',2017,2,165,178),('2017-02-14 23:00:00',-40.00,-10.00,'connection-fee',2017,2,166,179),('2017-02-14 23:00:00',-40.00,-10.00,'connection-fee',2017,2,170,180),('2017-02-14 23:00:00',-40.00,-10.00,'connection-fee',2017,2,176,181),('2017-02-14 23:00:00',-40.00,-10.00,'connection-fee',2017,2,182,182),('2017-02-13 23:00:00',-90.00,-22.50,'operator-fee',2017,2,9,183),('2017-02-13 23:00:00',-90.00,-22.50,'operator-fee',2017,2,156,184),('2017-02-14 23:00:00',-90.00,-22.50,'operator-fee',2017,2,127,185),('2017-04-09 22:00:00',-90.00,-22.50,'operator-fee',2017,2,26,186),('2017-04-09 22:00:00',-90.00,-22.50,'operator-fee',2017,2,27,187),('2017-04-09 22:00:00',-90.00,-22.50,'operator-fee',2017,2,29,188),('2017-04-09 22:00:00',-90.00,-22.50,'operator-fee',2017,2,45,189),('2017-04-09 22:00:00',-90.00,-22.50,'operator-fee',2017,2,48,190),('2017-04-09 22:00:00',-90.00,-22.50,'operator-fee',2017,2,60,191),('2017-04-09 22:00:00',-90.00,-22.50,'operator-fee',2017,2,63,192),('2017-04-09 22:00:00',-90.00,-22.50,'operator-fee',2017,2,65,193),('2017-04-09 22:00:00',-90.00,-22.50,'operator-fee',2017,2,73,194),('2017-04-09 22:00:00',-90.00,-22.50,'operator-fee',2017,2,82,195),('2017-04-09 22:00:00',-90.00,-22.50,'operator-fee',2017,2,92,196),('2017-04-09 22:00:00',-90.00,-22.50,'operator-fee',2017,2,103,197),('2017-04-09 22:00:00',-90.00,-22.50,'operator-fee',2017,2,110,198),('2017-04-09 22:00:00',-90.00,-22.50,'operator-fee',2017,2,119,199),('2017-04-09 22:00:00',-90.00,-22.50,'operator-fee',2017,2,124,200),('2017-04-09 22:00:00',-90.00,-22.50,'operator-fee',2017,2,135,201),('2017-04-09 22:00:00',-90.00,-22.50,'operator-fee',2017,2,176,202),('2017-02-14 23:00:00',-40.00,-10.00,'connection-fee',2017,4,7,203),('2017-02-14 23:00:00',-40.00,-10.00,'connection-fee',2017,4,9,204),('2017-02-14 23:00:00',-40.00,-10.00,'connection-fee',2017,4,10,205),('2017-02-14 23:00:00',-40.00,-10.00,'connection-fee',2017,4,14,206),('2017-02-14 23:00:00',-40.00,-10.00,'connection-fee',2017,4,15,207),('2017-02-14 23:00:00',-40.00,-10.00,'connection-fee',2017,4,17,208),('2017-02-14 23:00:00',-40.00,-10.00,'connection-fee',2017,4,18,209),('2017-02-14 23:00:00',-40.00,-10.00,'connection-fee',2017,4,19,210),('2017-02-14 23:00:00',-40.00,-10.00,'connection-fee',2017,4,20,211),('2017-02-14 23:00:00',-40.00,-10.00,'connection-fee',2017,4,23,212),('2017-02-14 23:00:00',-40.00,-10.00,'connection-fee',2017,4,26,213),('2017-02-14 23:00:00',-40.00,-10.00,'connection-fee',2017,4,27,214),('2017-02-14 23:00:00',-40.00,-10.00,'connection-fee',2017,4,28,215),('2017-02-14 23:00:00',-40.00,-10.00,'connection-fee',2017,4,29,216),('2017-02-14 23:00:00',-40.00,-10.00,'connection-fee',2017,4,30,217),('2017-02-14 23:00:00',-40.00,-10.00,'connection-fee',2017,4,41,218),('2017-02-14 23:00:00',-40.00,-10.00,'connection-fee',2017,4,43,219),('2017-02-14 23:00:00',-40.00,-10.00,'connection-fee',2017,4,44,220),('2017-02-14 23:00:00',-40.00,-10.00,'connection-fee',2017,4,45,221),('2017-02-14 23:00:00',-40.00,-10.00,'connection-fee',2017,4,47,222),('2017-02-14 23:00:00',-40.00,-10.00,'connection-fee',2017,4,48,223),('2017-02-14 23:00:00',-40.00,-10.00,'connection-fee',2017,4,49,224),('2017-02-14 23:00:00',-40.00,-10.00,'connection-fee',2017,4,50,225),('2017-02-14 23:00:00',-40.00,-10.00,'connection-fee',2017,4,51,226),('2017-02-14 23:00:00',-40.00,-10.00,'connection-fee',2017,4,52,227),('2017-02-14 23:00:00',-40.00,-10.00,'connection-fee',2017,4,53,228),('2017-02-14 23:00:00',-40.00,-10.00,'connection-fee',2017,4,54,229),('2017-02-14 23:00:00',-40.00,-10.00,'connection-fee',2017,4,55,230),('2017-02-14 23:00:00',-40.00,-10.00,'connection-fee',2017,4,57,231),('2017-02-14 23:00:00',-40.00,-10.00,'connection-fee',2017,4,58,232),('2017-02-14 23:00:00',-40.00,-10.00,'connection-fee',2017,4,60,233),('2017-02-14 23:00:00',-40.00,-10.00,'connection-fee',2017,4,62,234),('2017-02-14 23:00:00',-40.00,-10.00,'connection-fee',2017,4,63,235),('2017-02-14 23:00:00',-40.00,-10.00,'connection-fee',2017,4,64,236),('2017-02-14 23:00:00',-40.00,-10.00,'connection-fee',2017,4,65,237),('2017-02-14 23:00:00',-40.00,-10.00,'connection-fee',2017,4,69,238),('2017-02-14 23:00:00',-40.00,-10.00,'connection-fee',2017,4,71,239),('2017-02-14 23:00:00',-40.00,-10.00,'connection-fee',2017,4,72,240),('2017-02-14 23:00:00',-40.00,-10.00,'connection-fee',2017,4,73,241),('2017-02-14 23:00:00',-40.00,-10.00,'connection-fee',2017,4,76,242),('2017-02-14 23:00:00',-40.00,-10.00,'connection-fee',2017,4,82,243),('2017-02-14 23:00:00',-40.00,-10.00,'connection-fee',2017,4,91,244),('2017-02-14 23:00:00',-40.00,-10.00,'connection-fee',2017,4,92,245),('2017-02-14 23:00:00',-40.00,-10.00,'connection-fee',2017,4,95,246),('2017-02-14 23:00:00',-40.00,-10.00,'connection-fee',2017,4,98,247),('2017-02-14 23:00:00',-40.00,-10.00,'connection-fee',2017,4,102,248),('2017-02-14 23:00:00',-40.00,-10.00,'connection-fee',2017,4,103,249),('2017-02-14 23:00:00',-40.00,-10.00,'connection-fee',2017,4,106,250),('2017-02-14 23:00:00',-40.00,-10.00,'connection-fee',2017,4,108,251),('2017-02-14 23:00:00',-40.00,-10.00,'connection-fee',2017,4,110,252),('2017-02-14 23:00:00',-40.00,-10.00,'connection-fee',2017,4,113,253),('2017-02-14 23:00:00',-40.00,-10.00,'connection-fee',2017,4,114,254),('2017-02-14 23:00:00',-40.00,-10.00,'connection-fee',2017,4,115,255),('2017-02-14 23:00:00',-40.00,-10.00,'connection-fee',2017,4,116,256),('2017-02-14 23:00:00',-40.00,-10.00,'connection-fee',2017,4,117,257),('2017-02-14 23:00:00',-40.00,-10.00,'connection-fee',2017,4,118,258),('2017-02-14 23:00:00',-40.00,-10.00,'connection-fee',2017,4,119,259),('2017-02-14 23:00:00',-40.00,-10.00,'connection-fee',2017,4,121,260),('2017-02-14 23:00:00',-40.00,-10.00,'connection-fee',2017,4,123,261),('2017-02-14 23:00:00',-40.00,-10.00,'connection-fee',2017,4,124,262),('2017-02-14 23:00:00',-40.00,-10.00,'connection-fee',2017,4,127,263),('2017-02-14 23:00:00',-40.00,-10.00,'connection-fee',2017,4,128,264),('2017-02-14 23:00:00',-40.00,-10.00,'connection-fee',2017,4,129,265),('2017-02-14 23:00:00',-40.00,-10.00,'connection-fee',2017,4,130,266),('2017-02-14 23:00:00',-40.00,-10.00,'connection-fee',2017,4,132,267),('2017-02-14 23:00:00',-40.00,-10.00,'connection-fee',2017,4,133,268),('2017-02-14 23:00:00',-40.00,-10.00,'connection-fee',2017,4,135,269),('2017-02-14 23:00:00',-40.00,-10.00,'connection-fee',2017,4,136,270),('2017-02-14 23:00:00',-40.00,-10.00,'connection-fee',2017,4,139,271),('2017-02-14 23:00:00',-40.00,-10.00,'connection-fee',2017,4,144,272),('2017-02-14 23:00:00',-40.00,-10.00,'connection-fee',2017,4,148,273),('2017-02-14 23:00:00',-40.00,-10.00,'connection-fee',2017,4,152,274),('2017-02-14 23:00:00',-40.00,-10.00,'connection-fee',2017,4,156,275),('2017-02-14 23:00:00',-40.00,-10.00,'connection-fee',2017,4,159,276),('2017-02-14 23:00:00',-40.00,-10.00,'connection-fee',2017,4,162,277),('2017-02-14 23:00:00',-40.00,-10.00,'connection-fee',2017,4,164,278),('2017-02-14 23:00:00',-40.00,-10.00,'connection-fee',2017,4,165,279),('2017-02-14 23:00:00',-40.00,-10.00,'connection-fee',2017,4,166,280),('2017-02-14 23:00:00',-40.00,-10.00,'connection-fee',2017,4,170,281),('2017-02-14 23:00:00',-40.00,-10.00,'connection-fee',2017,4,176,282),('2017-02-14 23:00:00',-40.00,-10.00,'connection-fee',2017,4,182,283),('2017-02-13 23:00:00',-90.00,-22.50,'operator-fee',2017,4,9,284),('2017-02-13 23:00:00',-90.00,-22.50,'operator-fee',2017,4,156,285),('2017-02-14 23:00:00',-90.00,-22.50,'operator-fee',2017,4,127,286),('2017-04-09 22:00:00',-90.00,-22.50,'operator-fee',2017,4,26,287),('2017-04-09 22:00:00',-90.00,-22.50,'operator-fee',2017,4,27,288),('2017-04-09 22:00:00',-90.00,-22.50,'operator-fee',2017,4,29,289),('2017-04-09 22:00:00',-90.00,-22.50,'operator-fee',2017,4,45,290),('2017-04-09 22:00:00',-90.00,-22.50,'operator-fee',2017,4,48,291),('2017-04-09 22:00:00',-90.00,-22.50,'operator-fee',2017,4,60,292),('2017-04-09 22:00:00',-90.00,-22.50,'operator-fee',2017,4,63,293),('2017-04-09 22:00:00',-90.00,-22.50,'operator-fee',2017,4,65,294),('2017-04-09 22:00:00',-90.00,-22.50,'operator-fee',2017,4,73,295),('2017-04-09 22:00:00',-90.00,-22.50,'operator-fee',2017,4,82,296),('2017-04-09 22:00:00',-90.00,-22.50,'operator-fee',2017,4,92,297),('2017-04-09 22:00:00',-90.00,-22.50,'operator-fee',2017,4,103,298),('2017-04-09 22:00:00',-90.00,-22.50,'operator-fee',2017,4,110,299),('2017-04-09 22:00:00',-90.00,-22.50,'operator-fee',2017,4,119,300),('2017-04-09 22:00:00',-90.00,-22.50,'operator-fee',2017,4,124,301),('2017-04-09 22:00:00',-90.00,-22.50,'operator-fee',2017,4,135,302),('2017-04-09 22:00:00',-90.00,-22.50,'operator-fee',2017,4,176,303),('2017-02-14 23:00:00',-40.00,-10.00,'connection-fee',2017,8,127,304),('2017-04-09 22:00:00',-40.00,-10.00,'connection-fee',2017,8,19,305),('2017-04-09 22:00:00',-40.00,-10.00,'connection-fee',2017,8,26,306),('2017-04-09 22:00:00',-40.00,-10.00,'connection-fee',2017,8,27,307),('2017-04-09 22:00:00',-40.00,-10.00,'connection-fee',2017,8,29,308),('2017-04-09 22:00:00',-40.00,-10.00,'connection-fee',2017,8,41,309),('2017-04-09 22:00:00',-40.00,-10.00,'connection-fee',2017,8,45,310),('2017-04-09 22:00:00',-40.00,-10.00,'connection-fee',2017,8,47,311),('2017-04-09 22:00:00',-40.00,-10.00,'connection-fee',2017,8,48,312),('2017-04-09 22:00:00',-40.00,-10.00,'connection-fee',2017,8,52,313),('2017-04-09 22:00:00',-40.00,-10.00,'connection-fee',2017,8,60,314),('2017-04-09 22:00:00',-40.00,-10.00,'connection-fee',2017,8,63,315),('2017-04-09 22:00:00',-40.00,-10.00,'connection-fee',2017,8,65,316),('2017-04-09 22:00:00',-40.00,-10.00,'connection-fee',2017,8,73,317),('2017-04-09 22:00:00',-40.00,-10.00,'connection-fee',2017,8,82,318),('2017-04-09 22:00:00',-40.00,-10.00,'connection-fee',2017,8,91,319),('2017-04-09 22:00:00',-40.00,-10.00,'connection-fee',2017,8,92,320),('2017-04-09 22:00:00',-40.00,-10.00,'connection-fee',2017,8,103,321),('2017-04-09 22:00:00',-40.00,-10.00,'connection-fee',2017,8,110,322),('2017-04-09 22:00:00',-40.00,-10.00,'connection-fee',2017,8,119,323),('2017-04-09 22:00:00',-40.00,-10.00,'connection-fee',2017,8,124,324),('2017-04-09 22:00:00',-40.00,-10.00,'connection-fee',2017,8,135,325),('2017-04-09 22:00:00',-40.00,-10.00,'connection-fee',2017,8,136,326),('2017-04-09 22:00:00',-40.00,-10.00,'connection-fee',2017,8,139,327),('2017-04-09 22:00:00',-40.00,-10.00,'connection-fee',2017,8,152,328),('2017-04-09 22:00:00',-40.00,-10.00,'connection-fee',2017,8,176,329),('2017-02-14 23:00:00',-90.00,-22.50,'operator-fee',2017,8,127,330),('2017-04-09 22:00:00',-90.00,-22.50,'operator-fee',2017,8,26,331),('2017-04-09 22:00:00',-90.00,-22.50,'operator-fee',2017,8,27,332),('2017-04-09 22:00:00',-90.00,-22.50,'operator-fee',2017,8,29,333),('2017-04-09 22:00:00',-90.00,-22.50,'operator-fee',2017,8,45,334),('2017-04-09 22:00:00',-90.00,-22.50,'operator-fee',2017,8,48,335),('2017-04-09 22:00:00',-90.00,-22.50,'operator-fee',2017,8,60,336),('2017-04-09 22:00:00',-90.00,-22.50,'operator-fee',2017,8,63,337),('2017-04-09 22:00:00',-90.00,-22.50,'operator-fee',2017,8,65,338),('2017-04-09 22:00:00',-90.00,-22.50,'operator-fee',2017,8,73,339),('2017-04-09 22:00:00',-90.00,-22.50,'operator-fee',2017,8,82,340),('2017-04-09 22:00:00',-90.00,-22.50,'operator-fee',2017,8,92,341),('2017-04-09 22:00:00',-90.00,-22.50,'operator-fee',2017,8,103,342),('2017-04-09 22:00:00',-90.00,-22.50,'operator-fee',2017,8,110,343),('2017-04-09 22:00:00',-90.00,-22.50,'operator-fee',2017,8,119,344),('2017-04-09 22:00:00',-90.00,-22.50,'operator-fee',2017,8,124,345),('2017-04-09 22:00:00',-90.00,-22.50,'operator-fee',2017,8,135,346),('2017-04-09 22:00:00',-90.00,-22.50,'operator-fee',2017,8,152,347),('2017-04-09 22:00:00',-90.00,-22.50,'operator-fee',2017,8,176,348),('2017-02-14 23:00:00',-40.00,-10.00,'connection-fee',2017,16,127,349),('2017-04-09 22:00:00',-40.00,-10.00,'connection-fee',2017,16,19,350),('2017-04-09 22:00:00',-40.00,-10.00,'connection-fee',2017,16,26,351),('2017-04-09 22:00:00',-40.00,-10.00,'connection-fee',2017,16,27,352),('2017-04-09 22:00:00',-40.00,-10.00,'connection-fee',2017,16,29,353),('2017-04-09 22:00:00',-40.00,-10.00,'connection-fee',2017,16,41,354),('2017-04-09 22:00:00',-40.00,-10.00,'connection-fee',2017,16,45,355),('2017-04-09 22:00:00',-40.00,-10.00,'connection-fee',2017,16,47,356),('2017-04-09 22:00:00',-40.00,-10.00,'connection-fee',2017,16,48,357),('2017-04-09 22:00:00',-40.00,-10.00,'connection-fee',2017,16,52,358),('2017-04-09 22:00:00',-40.00,-10.00,'connection-fee',2017,16,60,359),('2017-04-09 22:00:00',-40.00,-10.00,'connection-fee',2017,16,63,360),('2017-04-09 22:00:00',-40.00,-10.00,'connection-fee',2017,16,65,361),('2017-04-09 22:00:00',-40.00,-10.00,'connection-fee',2017,16,73,362),('2017-04-09 22:00:00',-40.00,-10.00,'connection-fee',2017,16,82,363),('2017-04-09 22:00:00',-40.00,-10.00,'connection-fee',2017,16,91,364),('2017-04-09 22:00:00',-40.00,-10.00,'connection-fee',2017,16,92,365),('2017-04-09 22:00:00',-40.00,-10.00,'connection-fee',2017,16,103,366),('2017-04-09 22:00:00',-40.00,-10.00,'connection-fee',2017,16,110,367),('2017-04-09 22:00:00',-40.00,-10.00,'connection-fee',2017,16,119,368),('2017-04-09 22:00:00',-40.00,-10.00,'connection-fee',2017,16,124,369),('2017-04-09 22:00:00',-40.00,-10.00,'connection-fee',2017,16,135,370),('2017-04-09 22:00:00',-40.00,-10.00,'connection-fee',2017,16,136,371),('2017-04-09 22:00:00',-40.00,-10.00,'connection-fee',2017,16,139,372),('2017-04-09 22:00:00',-40.00,-10.00,'connection-fee',2017,16,152,373),('2017-04-09 22:00:00',-40.00,-10.00,'connection-fee',2017,16,176,374),('2017-02-14 23:00:00',-90.00,-22.50,'operator-fee',2017,16,127,375),('2017-04-09 22:00:00',-90.00,-22.50,'operator-fee',2017,16,26,376),('2017-04-09 22:00:00',-90.00,-22.50,'operator-fee',2017,16,27,377),('2017-04-09 22:00:00',-90.00,-22.50,'operator-fee',2017,16,29,378),('2017-04-09 22:00:00',-90.00,-22.50,'operator-fee',2017,16,45,379),('2017-04-09 22:00:00',-90.00,-22.50,'operator-fee',2017,16,48,380),('2017-04-09 22:00:00',-90.00,-22.50,'operator-fee',2017,16,60,381),('2017-04-09 22:00:00',-90.00,-22.50,'operator-fee',2017,16,63,382),('2017-04-09 22:00:00',-90.00,-22.50,'operator-fee',2017,16,65,383),('2017-04-09 22:00:00',-90.00,-22.50,'operator-fee',2017,16,73,384),('2017-04-09 22:00:00',-90.00,-22.50,'operator-fee',2017,16,82,385),('2017-04-09 22:00:00',-90.00,-22.50,'operator-fee',2017,16,92,386),('2017-04-09 22:00:00',-90.00,-22.50,'operator-fee',2017,16,103,387),('2017-04-09 22:00:00',-90.00,-22.50,'operator-fee',2017,16,110,388),('2017-04-09 22:00:00',-90.00,-22.50,'operator-fee',2017,16,119,389),('2017-04-09 22:00:00',-90.00,-22.50,'operator-fee',2017,16,124,390),('2017-04-09 22:00:00',-90.00,-22.50,'operator-fee',2017,16,135,391),('2017-04-09 22:00:00',-90.00,-22.50,'operator-fee',2017,16,152,392),('2017-04-09 22:00:00',-90.00,-22.50,'operator-fee',2017,16,176,393),('2017-02-14 23:00:00',-40.00,-10.00,'connection-fee',2017,32,127,394),('2017-04-09 22:00:00',-40.00,-10.00,'connection-fee',2017,32,19,395),('2017-04-09 22:00:00',-40.00,-10.00,'connection-fee',2017,32,26,396),('2017-04-09 22:00:00',-40.00,-10.00,'connection-fee',2017,32,27,397),('2017-04-09 22:00:00',-40.00,-10.00,'connection-fee',2017,32,29,398),('2017-04-09 22:00:00',-40.00,-10.00,'connection-fee',2017,32,41,399),('2017-04-09 22:00:00',-40.00,-10.00,'connection-fee',2017,32,45,400),('2017-04-09 22:00:00',-40.00,-10.00,'connection-fee',2017,32,47,401),('2017-04-09 22:00:00',-40.00,-10.00,'connection-fee',2017,32,48,402),('2017-04-09 22:00:00',-40.00,-10.00,'connection-fee',2017,32,52,403),('2017-04-09 22:00:00',-40.00,-10.00,'connection-fee',2017,32,60,404),('2017-04-09 22:00:00',-40.00,-10.00,'connection-fee',2017,32,63,405),('2017-04-09 22:00:00',-40.00,-10.00,'connection-fee',2017,32,65,406),('2017-04-09 22:00:00',-40.00,-10.00,'connection-fee',2017,32,73,407),('2017-04-09 22:00:00',-40.00,-10.00,'connection-fee',2017,32,82,408),('2017-04-09 22:00:00',-40.00,-10.00,'connection-fee',2017,32,91,409),('2017-04-09 22:00:00',-40.00,-10.00,'connection-fee',2017,32,92,410),('2017-04-09 22:00:00',-40.00,-10.00,'connection-fee',2017,32,103,411),('2017-04-09 22:00:00',-40.00,-10.00,'connection-fee',2017,32,110,412),('2017-04-09 22:00:00',-40.00,-10.00,'connection-fee',2017,32,119,413),('2017-04-09 22:00:00',-40.00,-10.00,'connection-fee',2017,32,124,414),('2017-04-09 22:00:00',-40.00,-10.00,'connection-fee',2017,32,135,415),('2017-04-09 22:00:00',-40.00,-10.00,'connection-fee',2017,32,136,416),('2017-04-09 22:00:00',-40.00,-10.00,'connection-fee',2017,32,139,417),('2017-04-09 22:00:00',-40.00,-10.00,'connection-fee',2017,32,152,418),('2017-04-09 22:00:00',-40.00,-10.00,'connection-fee',2017,32,176,419),('2017-02-14 23:00:00',-90.00,-22.50,'operator-fee',2017,32,127,420),('2017-04-09 22:00:00',-90.00,-22.50,'operator-fee',2017,32,26,421),('2017-04-09 22:00:00',-90.00,-22.50,'operator-fee',2017,32,27,422),('2017-04-09 22:00:00',-90.00,-22.50,'operator-fee',2017,32,29,423),('2017-04-09 22:00:00',-90.00,-22.50,'operator-fee',2017,32,45,424),('2017-04-09 22:00:00',-90.00,-22.50,'operator-fee',2017,32,48,425),('2017-04-09 22:00:00',-90.00,-22.50,'operator-fee',2017,32,60,426),('2017-04-09 22:00:00',-90.00,-22.50,'operator-fee',2017,32,63,427),('2017-04-09 22:00:00',-90.00,-22.50,'operator-fee',2017,32,65,428),('2017-04-09 22:00:00',-90.00,-22.50,'operator-fee',2017,32,73,429),('2017-04-09 22:00:00',-90.00,-22.50,'operator-fee',2017,32,82,430),('2017-04-09 22:00:00',-90.00,-22.50,'operator-fee',2017,32,92,431),('2017-04-09 22:00:00',-90.00,-22.50,'operator-fee',2017,32,103,432),('2017-04-09 22:00:00',-90.00,-22.50,'operator-fee',2017,32,110,433),('2017-04-09 22:00:00',-90.00,-22.50,'operator-fee',2017,32,119,434),('2017-04-09 22:00:00',-90.00,-22.50,'operator-fee',2017,32,124,435),('2017-04-09 22:00:00',-90.00,-22.50,'operator-fee',2017,32,135,436),('2017-04-09 22:00:00',-90.00,-22.50,'operator-fee',2017,32,152,437),('2017-04-09 22:00:00',-90.00,-22.50,'operator-fee',2017,32,176,438),('2017-02-14 23:00:00',-40.00,-10.00,'connection-fee',2017,64,127,439),('2017-04-09 22:00:00',-40.00,-10.00,'connection-fee',2017,64,19,440),('2017-04-09 22:00:00',-40.00,-10.00,'connection-fee',2017,64,26,441),('2017-04-09 22:00:00',-40.00,-10.00,'connection-fee',2017,64,27,442),('2017-04-09 22:00:00',-40.00,-10.00,'connection-fee',2017,64,29,443),('2017-04-09 22:00:00',-40.00,-10.00,'connection-fee',2017,64,41,444),('2017-04-09 22:00:00',-40.00,-10.00,'connection-fee',2017,64,45,445),('2017-04-09 22:00:00',-40.00,-10.00,'connection-fee',2017,64,47,446),('2017-04-09 22:00:00',-40.00,-10.00,'connection-fee',2017,64,48,447),('2017-04-09 22:00:00',-40.00,-10.00,'connection-fee',2017,64,52,448),('2017-04-09 22:00:00',-40.00,-10.00,'connection-fee',2017,64,60,449),('2017-04-09 22:00:00',-40.00,-10.00,'connection-fee',2017,64,63,450),('2017-04-09 22:00:00',-40.00,-10.00,'connection-fee',2017,64,65,451),('2017-04-09 22:00:00',-40.00,-10.00,'connection-fee',2017,64,73,452),('2017-04-09 22:00:00',-40.00,-10.00,'connection-fee',2017,64,82,453),('2017-04-09 22:00:00',-40.00,-10.00,'connection-fee',2017,64,91,454),('2017-04-09 22:00:00',-40.00,-10.00,'connection-fee',2017,64,92,455),('2017-04-09 22:00:00',-40.00,-10.00,'connection-fee',2017,64,103,456),('2017-04-09 22:00:00',-40.00,-10.00,'connection-fee',2017,64,110,457),('2017-04-09 22:00:00',-40.00,-10.00,'connection-fee',2017,64,119,458),('2017-04-09 22:00:00',-40.00,-10.00,'connection-fee',2017,64,124,459),('2017-04-09 22:00:00',-40.00,-10.00,'connection-fee',2017,64,135,460),('2017-04-09 22:00:00',-40.00,-10.00,'connection-fee',2017,64,136,461),('2017-04-09 22:00:00',-40.00,-10.00,'connection-fee',2017,64,139,462),('2017-04-09 22:00:00',-40.00,-10.00,'connection-fee',2017,64,152,463),('2017-04-09 22:00:00',-40.00,-10.00,'connection-fee',2017,64,176,464),('2017-02-14 23:00:00',-90.00,-22.50,'operator-fee',2017,64,127,465),('2017-04-09 22:00:00',-90.00,-22.50,'operator-fee',2017,64,26,466),('2017-04-09 22:00:00',-90.00,-22.50,'operator-fee',2017,64,27,467),('2017-04-09 22:00:00',-90.00,-22.50,'operator-fee',2017,64,29,468),('2017-04-09 22:00:00',-90.00,-22.50,'operator-fee',2017,64,45,469),('2017-04-09 22:00:00',-90.00,-22.50,'operator-fee',2017,64,48,470),('2017-04-09 22:00:00',-90.00,-22.50,'operator-fee',2017,64,60,471),('2017-04-09 22:00:00',-90.00,-22.50,'operator-fee',2017,64,63,472),('2017-04-09 22:00:00',-90.00,-22.50,'operator-fee',2017,64,65,473),('2017-04-09 22:00:00',-90.00,-22.50,'operator-fee',2017,64,73,474),('2017-04-09 22:00:00',-90.00,-22.50,'operator-fee',2017,64,82,475),('2017-04-09 22:00:00',-90.00,-22.50,'operator-fee',2017,64,92,476),('2017-04-09 22:00:00',-90.00,-22.50,'operator-fee',2017,64,103,477),('2017-04-09 22:00:00',-90.00,-22.50,'operator-fee',2017,64,110,478),('2017-04-09 22:00:00',-90.00,-22.50,'operator-fee',2017,64,119,479),('2017-04-09 22:00:00',-90.00,-22.50,'operator-fee',2017,64,124,480),('2017-04-09 22:00:00',-90.00,-22.50,'operator-fee',2017,64,135,481),('2017-04-09 22:00:00',-90.00,-22.50,'operator-fee',2017,64,152,482),('2017-04-09 22:00:00',-90.00,-22.50,'operator-fee',2017,64,176,483),('2017-02-14 23:00:00',-40.00,-10.00,'connection-fee',2017,128,127,484),('2017-04-09 22:00:00',-40.00,-10.00,'connection-fee',2017,128,19,485),('2017-04-09 22:00:00',-40.00,-10.00,'connection-fee',2017,128,26,486),('2017-04-09 22:00:00',-40.00,-10.00,'connection-fee',2017,128,27,487),('2017-04-09 22:00:00',-40.00,-10.00,'connection-fee',2017,128,29,488),('2017-04-09 22:00:00',-40.00,-10.00,'connection-fee',2017,128,41,489),('2017-04-09 22:00:00',-40.00,-10.00,'connection-fee',2017,128,45,490),('2017-04-09 22:00:00',-40.00,-10.00,'connection-fee',2017,128,47,491),('2017-04-09 22:00:00',-40.00,-10.00,'connection-fee',2017,128,48,492),('2017-04-09 22:00:00',-40.00,-10.00,'connection-fee',2017,128,52,493),('2017-04-09 22:00:00',-40.00,-10.00,'connection-fee',2017,128,60,494),('2017-04-09 22:00:00',-40.00,-10.00,'connection-fee',2017,128,63,495),('2017-04-09 22:00:00',-40.00,-10.00,'connection-fee',2017,128,65,496),('2017-04-09 22:00:00',-40.00,-10.00,'connection-fee',2017,128,73,497),('2017-04-09 22:00:00',-40.00,-10.00,'connection-fee',2017,128,82,498),('2017-04-09 22:00:00',-40.00,-10.00,'connection-fee',2017,128,91,499),('2017-04-09 22:00:00',-40.00,-10.00,'connection-fee',2017,128,92,500),('2017-04-09 22:00:00',-40.00,-10.00,'connection-fee',2017,128,103,501),('2017-04-09 22:00:00',-40.00,-10.00,'connection-fee',2017,128,110,502),('2017-04-09 22:00:00',-40.00,-10.00,'connection-fee',2017,128,119,503),('2017-04-09 22:00:00',-40.00,-10.00,'connection-fee',2017,128,124,504),('2017-04-09 22:00:00',-40.00,-10.00,'connection-fee',2017,128,135,505),('2017-04-09 22:00:00',-40.00,-10.00,'connection-fee',2017,128,136,506),('2017-04-09 22:00:00',-40.00,-10.00,'connection-fee',2017,128,139,507),('2017-04-09 22:00:00',-40.00,-10.00,'connection-fee',2017,128,152,508),('2017-04-09 22:00:00',-40.00,-10.00,'connection-fee',2017,128,176,509),('2017-02-14 23:00:00',-90.00,-22.50,'operator-fee',2017,128,127,510),('2017-04-09 22:00:00',-90.00,-22.50,'operator-fee',2017,128,26,511),('2017-04-09 22:00:00',-90.00,-22.50,'operator-fee',2017,128,27,512),('2017-04-09 22:00:00',-90.00,-22.50,'operator-fee',2017,128,29,513),('2017-04-09 22:00:00',-90.00,-22.50,'operator-fee',2017,128,45,514),('2017-04-09 22:00:00',-90.00,-22.50,'operator-fee',2017,128,48,515),('2017-04-09 22:00:00',-90.00,-22.50,'operator-fee',2017,128,60,516),('2017-04-09 22:00:00',-90.00,-22.50,'operator-fee',2017,128,63,517),('2017-04-09 22:00:00',-90.00,-22.50,'operator-fee',2017,128,65,518),('2017-04-09 22:00:00',-90.00,-22.50,'operator-fee',2017,128,73,519),('2017-04-09 22:00:00',-90.00,-22.50,'operator-fee',2017,128,82,520),('2017-04-09 22:00:00',-90.00,-22.50,'operator-fee',2017,128,92,521),('2017-04-09 22:00:00',-90.00,-22.50,'operator-fee',2017,128,103,522),('2017-04-09 22:00:00',-90.00,-22.50,'operator-fee',2017,128,110,523),('2017-04-09 22:00:00',-90.00,-22.50,'operator-fee',2017,128,119,524),('2017-04-09 22:00:00',-90.00,-22.50,'operator-fee',2017,128,124,525),('2017-04-09 22:00:00',-90.00,-22.50,'operator-fee',2017,128,135,526),('2017-04-09 22:00:00',-90.00,-22.50,'operator-fee',2017,128,152,527),('2017-04-09 22:00:00',-90.00,-22.50,'operator-fee',2017,128,176,528),('2017-02-14 23:00:00',-40.00,-10.00,'connection-fee',2017,256,127,529),('2017-04-09 22:00:00',-40.00,-10.00,'connection-fee',2017,256,19,530),('2017-04-09 22:00:00',-40.00,-10.00,'connection-fee',2017,256,26,531),('2017-04-09 22:00:00',-40.00,-10.00,'connection-fee',2017,256,27,532),('2017-04-09 22:00:00',-40.00,-10.00,'connection-fee',2017,256,29,533),('2017-04-09 22:00:00',-40.00,-10.00,'connection-fee',2017,256,41,534),('2017-04-09 22:00:00',-40.00,-10.00,'connection-fee',2017,256,45,535),('2017-04-09 22:00:00',-40.00,-10.00,'connection-fee',2017,256,47,536),('2017-04-09 22:00:00',-40.00,-10.00,'connection-fee',2017,256,48,537),('2017-04-09 22:00:00',-40.00,-10.00,'connection-fee',2017,256,52,538),('2017-04-09 22:00:00',-40.00,-10.00,'connection-fee',2017,256,60,539),('2017-04-09 22:00:00',-40.00,-10.00,'connection-fee',2017,256,63,540),('2017-04-09 22:00:00',-40.00,-10.00,'connection-fee',2017,256,65,541),('2017-04-09 22:00:00',-40.00,-10.00,'connection-fee',2017,256,73,542),('2017-04-09 22:00:00',-40.00,-10.00,'connection-fee',2017,256,82,543),('2017-04-09 22:00:00',-40.00,-10.00,'connection-fee',2017,256,91,544),('2017-04-09 22:00:00',-40.00,-10.00,'connection-fee',2017,256,92,545),('2017-04-09 22:00:00',-40.00,-10.00,'connection-fee',2017,256,103,546),('2017-04-09 22:00:00',-40.00,-10.00,'connection-fee',2017,256,110,547),('2017-04-09 22:00:00',-40.00,-10.00,'connection-fee',2017,256,119,548),('2017-04-09 22:00:00',-40.00,-10.00,'connection-fee',2017,256,124,549),('2017-04-09 22:00:00',-40.00,-10.00,'connection-fee',2017,256,135,550),('2017-04-09 22:00:00',-40.00,-10.00,'connection-fee',2017,256,136,551),('2017-04-09 22:00:00',-40.00,-10.00,'connection-fee',2017,256,139,552),('2017-04-09 22:00:00',-40.00,-10.00,'connection-fee',2017,256,152,553),('2017-04-09 22:00:00',-40.00,-10.00,'connection-fee',2017,256,176,554),('2017-02-14 23:00:00',-90.00,-22.50,'operator-fee',2017,256,127,555),('2017-04-09 22:00:00',-90.00,-22.50,'operator-fee',2017,256,26,556),('2017-04-09 22:00:00',-90.00,-22.50,'operator-fee',2017,256,27,557),('2017-04-09 22:00:00',-90.00,-22.50,'operator-fee',2017,256,29,558),('2017-04-09 22:00:00',-90.00,-22.50,'operator-fee',2017,256,45,559),('2017-04-09 22:00:00',-90.00,-22.50,'operator-fee',2017,256,48,560),('2017-04-09 22:00:00',-90.00,-22.50,'operator-fee',2017,256,60,561),('2017-04-09 22:00:00',-90.00,-22.50,'operator-fee',2017,256,63,562),('2017-04-09 22:00:00',-90.00,-22.50,'operator-fee',2017,256,65,563),('2017-04-09 22:00:00',-90.00,-22.50,'operator-fee',2017,256,73,564),('2017-04-09 22:00:00',-90.00,-22.50,'operator-fee',2017,256,82,565),('2017-04-09 22:00:00',-90.00,-22.50,'operator-fee',2017,256,92,566),('2017-04-09 22:00:00',-90.00,-22.50,'operator-fee',2017,256,103,567),('2017-04-09 22:00:00',-90.00,-22.50,'operator-fee',2017,256,110,568),('2017-04-09 22:00:00',-90.00,-22.50,'operator-fee',2017,256,119,569),('2017-04-09 22:00:00',-90.00,-22.50,'operator-fee',2017,256,124,570),('2017-04-09 22:00:00',-90.00,-22.50,'operator-fee',2017,256,135,571),('2017-04-09 22:00:00',-90.00,-22.50,'operator-fee',2017,256,152,572),('2017-04-09 22:00:00',-90.00,-22.50,'operator-fee',2017,256,176,573),('2017-02-14 23:00:00',-40.00,-10.00,'connection-fee',2017,512,127,574),('2017-04-09 22:00:00',-40.00,-10.00,'connection-fee',2017,512,19,575),('2017-04-09 22:00:00',-40.00,-10.00,'connection-fee',2017,512,26,576),('2017-04-09 22:00:00',-40.00,-10.00,'connection-fee',2017,512,27,577),('2017-04-09 22:00:00',-40.00,-10.00,'connection-fee',2017,512,29,578),('2017-04-09 22:00:00',-40.00,-10.00,'connection-fee',2017,512,41,579),('2017-04-09 22:00:00',-40.00,-10.00,'connection-fee',2017,512,45,580),('2017-04-09 22:00:00',-40.00,-10.00,'connection-fee',2017,512,47,581),('2017-04-09 22:00:00',-40.00,-10.00,'connection-fee',2017,512,48,582),('2017-04-09 22:00:00',-40.00,-10.00,'connection-fee',2017,512,52,583),('2017-04-09 22:00:00',-40.00,-10.00,'connection-fee',2017,512,60,584),('2017-04-09 22:00:00',-40.00,-10.00,'connection-fee',2017,512,63,585),('2017-04-09 22:00:00',-40.00,-10.00,'connection-fee',2017,512,65,586),('2017-04-09 22:00:00',-40.00,-10.00,'connection-fee',2017,512,73,587),('2017-04-09 22:00:00',-40.00,-10.00,'connection-fee',2017,512,82,588),('2017-04-09 22:00:00',-40.00,-10.00,'connection-fee',2017,512,91,589),('2017-04-09 22:00:00',-40.00,-10.00,'connection-fee',2017,512,92,590),('2017-04-09 22:00:00',-40.00,-10.00,'connection-fee',2017,512,103,591),('2017-04-09 22:00:00',-40.00,-10.00,'connection-fee',2017,512,110,592),('2017-04-09 22:00:00',-40.00,-10.00,'connection-fee',2017,512,119,593),('2017-04-09 22:00:00',-40.00,-10.00,'connection-fee',2017,512,124,594),('2017-04-09 22:00:00',-40.00,-10.00,'connection-fee',2017,512,135,595),('2017-04-09 22:00:00',-40.00,-10.00,'connection-fee',2017,512,136,596),('2017-04-09 22:00:00',-40.00,-10.00,'connection-fee',2017,512,139,597),('2017-04-09 22:00:00',-40.00,-10.00,'connection-fee',2017,512,152,598),('2017-04-09 22:00:00',-40.00,-10.00,'connection-fee',2017,512,176,599),('2017-02-14 23:00:00',-90.00,-22.50,'operator-fee',2017,512,127,600),('2017-04-09 22:00:00',-90.00,-22.50,'operator-fee',2017,512,26,601),('2017-04-09 22:00:00',-90.00,-22.50,'operator-fee',2017,512,27,602),('2017-04-09 22:00:00',-90.00,-22.50,'operator-fee',2017,512,29,603),('2017-04-09 22:00:00',-90.00,-22.50,'operator-fee',2017,512,45,604),('2017-04-09 22:00:00',-90.00,-22.50,'operator-fee',2017,512,48,605),('2017-04-09 22:00:00',-90.00,-22.50,'operator-fee',2017,512,60,606),('2017-04-09 22:00:00',-90.00,-22.50,'operator-fee',2017,512,63,607),('2017-04-09 22:00:00',-90.00,-22.50,'operator-fee',2017,512,65,608),('2017-04-09 22:00:00',-90.00,-22.50,'operator-fee',2017,512,73,609),('2017-04-09 22:00:00',-90.00,-22.50,'operator-fee',2017,512,82,610),('2017-04-09 22:00:00',-90.00,-22.50,'operator-fee',2017,512,92,611),('2017-04-09 22:00:00',-90.00,-22.50,'operator-fee',2017,512,103,612),('2017-04-09 22:00:00',-90.00,-22.50,'operator-fee',2017,512,110,613),('2017-04-09 22:00:00',-90.00,-22.50,'operator-fee',2017,512,119,614),('2017-04-09 22:00:00',-90.00,-22.50,'operator-fee',2017,512,124,615),('2017-04-09 22:00:00',-90.00,-22.50,'operator-fee',2017,512,135,616),('2017-04-09 22:00:00',-90.00,-22.50,'operator-fee',2017,512,152,617),('2017-04-09 22:00:00',-90.00,-22.50,'operator-fee',2017,512,176,618),('2017-02-14 23:00:00',-40.00,-10.00,'connection-fee',2017,1024,127,619),('2017-04-09 22:00:00',-40.00,-10.00,'connection-fee',2017,1024,19,620),('2017-04-09 22:00:00',-40.00,-10.00,'connection-fee',2017,1024,26,621),('2017-04-09 22:00:00',-40.00,-10.00,'connection-fee',2017,1024,27,622),('2017-04-09 22:00:00',-40.00,-10.00,'connection-fee',2017,1024,29,623),('2017-04-09 22:00:00',-40.00,-10.00,'connection-fee',2017,1024,41,624),('2017-04-09 22:00:00',-40.00,-10.00,'connection-fee',2017,1024,45,625),('2017-04-09 22:00:00',-40.00,-10.00,'connection-fee',2017,1024,47,626),('2017-04-09 22:00:00',-40.00,-10.00,'connection-fee',2017,1024,48,627),('2017-04-09 22:00:00',-40.00,-10.00,'connection-fee',2017,1024,52,628),('2017-04-09 22:00:00',-40.00,-10.00,'connection-fee',2017,1024,60,629),('2017-04-09 22:00:00',-40.00,-10.00,'connection-fee',2017,1024,63,630),('2017-04-09 22:00:00',-40.00,-10.00,'connection-fee',2017,1024,65,631),('2017-04-09 22:00:00',-40.00,-10.00,'connection-fee',2017,1024,73,632),('2017-04-09 22:00:00',-40.00,-10.00,'connection-fee',2017,1024,82,633),('2017-04-09 22:00:00',-40.00,-10.00,'connection-fee',2017,1024,91,634),('2017-04-09 22:00:00',-40.00,-10.00,'connection-fee',2017,1024,92,635),('2017-04-09 22:00:00',-40.00,-10.00,'connection-fee',2017,1024,103,636),('2017-04-09 22:00:00',-40.00,-10.00,'connection-fee',2017,1024,110,637),('2017-04-09 22:00:00',-40.00,-10.00,'connection-fee',2017,1024,119,638),('2017-04-09 22:00:00',-40.00,-10.00,'connection-fee',2017,1024,124,639),('2017-04-09 22:00:00',-40.00,-10.00,'connection-fee',2017,1024,135,640),('2017-04-09 22:00:00',-40.00,-10.00,'connection-fee',2017,1024,136,641),('2017-04-09 22:00:00',-40.00,-10.00,'connection-fee',2017,1024,139,642),('2017-04-09 22:00:00',-40.00,-10.00,'connection-fee',2017,1024,152,643),('2017-04-09 22:00:00',-40.00,-10.00,'connection-fee',2017,1024,176,644),('2017-02-14 23:00:00',-90.00,-22.50,'operator-fee',2017,1024,127,645),('2017-04-09 22:00:00',-90.00,-22.50,'operator-fee',2017,1024,26,646),('2017-04-09 22:00:00',-90.00,-22.50,'operator-fee',2017,1024,27,647),('2017-04-09 22:00:00',-90.00,-22.50,'operator-fee',2017,1024,29,648),('2017-04-09 22:00:00',-90.00,-22.50,'operator-fee',2017,1024,45,649),('2017-04-09 22:00:00',-90.00,-22.50,'operator-fee',2017,1024,48,650),('2017-04-09 22:00:00',-90.00,-22.50,'operator-fee',2017,1024,60,651),('2017-04-09 22:00:00',-90.00,-22.50,'operator-fee',2017,1024,63,652),('2017-04-09 22:00:00',-90.00,-22.50,'operator-fee',2017,1024,65,653),('2017-04-09 22:00:00',-90.00,-22.50,'operator-fee',2017,1024,73,654),('2017-04-09 22:00:00',-90.00,-22.50,'operator-fee',2017,1024,82,655),('2017-04-09 22:00:00',-90.00,-22.50,'operator-fee',2017,1024,92,656),('2017-04-09 22:00:00',-90.00,-22.50,'operator-fee',2017,1024,103,657),('2017-04-09 22:00:00',-90.00,-22.50,'operator-fee',2017,1024,110,658),('2017-04-09 22:00:00',-90.00,-22.50,'operator-fee',2017,1024,119,659),('2017-04-09 22:00:00',-90.00,-22.50,'operator-fee',2017,1024,124,660),('2017-04-09 22:00:00',-90.00,-22.50,'operator-fee',2017,1024,135,661),('2017-04-09 22:00:00',-90.00,-22.50,'operator-fee',2017,1024,176,662),('2017-02-14 23:00:00',-40.00,-10.00,'connection-fee',2017,2048,127,663),('2017-04-09 22:00:00',-40.00,-10.00,'connection-fee',2017,2048,19,664),('2017-04-09 22:00:00',-40.00,-10.00,'connection-fee',2017,2048,26,665),('2017-04-09 22:00:00',-40.00,-10.00,'connection-fee',2017,2048,27,666),('2017-04-09 22:00:00',-40.00,-10.00,'connection-fee',2017,2048,29,667),('2017-04-09 22:00:00',-40.00,-10.00,'connection-fee',2017,2048,41,668),('2017-04-09 22:00:00',-40.00,-10.00,'connection-fee',2017,2048,45,669),('2017-04-09 22:00:00',-40.00,-10.00,'connection-fee',2017,2048,47,670),('2017-04-09 22:00:00',-40.00,-10.00,'connection-fee',2017,2048,48,671),('2017-04-09 22:00:00',-40.00,-10.00,'connection-fee',2017,2048,52,672),('2017-04-09 22:00:00',-40.00,-10.00,'connection-fee',2017,2048,60,673),('2017-04-09 22:00:00',-40.00,-10.00,'connection-fee',2017,2048,63,674),('2017-04-09 22:00:00',-40.00,-10.00,'connection-fee',2017,2048,65,675),('2017-04-09 22:00:00',-40.00,-10.00,'connection-fee',2017,2048,73,676),('2017-04-09 22:00:00',-40.00,-10.00,'connection-fee',2017,2048,82,677),('2017-04-09 22:00:00',-40.00,-10.00,'connection-fee',2017,2048,91,678),('2017-04-09 22:00:00',-40.00,-10.00,'connection-fee',2017,2048,92,679),('2017-04-09 22:00:00',-40.00,-10.00,'connection-fee',2017,2048,103,680),('2017-04-09 22:00:00',-40.00,-10.00,'connection-fee',2017,2048,110,681),('2017-04-09 22:00:00',-40.00,-10.00,'connection-fee',2017,2048,119,682),('2017-04-09 22:00:00',-40.00,-10.00,'connection-fee',2017,2048,124,683),('2017-04-09 22:00:00',-40.00,-10.00,'connection-fee',2017,2048,135,684),('2017-04-09 22:00:00',-40.00,-10.00,'connection-fee',2017,2048,136,685),('2017-04-09 22:00:00',-40.00,-10.00,'connection-fee',2017,2048,139,686),('2017-04-09 22:00:00',-40.00,-10.00,'connection-fee',2017,2048,152,687),('2017-04-09 22:00:00',-40.00,-10.00,'connection-fee',2017,2048,176,688),('2017-02-14 23:00:00',-90.00,-22.50,'operator-fee',2017,2048,127,689),('2017-04-09 22:00:00',-90.00,-22.50,'operator-fee',2017,2048,26,690),('2017-04-09 22:00:00',-90.00,-22.50,'operator-fee',2017,2048,27,691),('2017-04-09 22:00:00',-90.00,-22.50,'operator-fee',2017,2048,29,692),('2017-04-09 22:00:00',-90.00,-22.50,'operator-fee',2017,2048,45,693),('2017-04-09 22:00:00',-90.00,-22.50,'operator-fee',2017,2048,48,694),('2017-04-09 22:00:00',-90.00,-22.50,'operator-fee',2017,2048,60,695),('2017-04-09 22:00:00',-90.00,-22.50,'operator-fee',2017,2048,63,696),('2017-04-09 22:00:00',-90.00,-22.50,'operator-fee',2017,2048,65,697),('2017-04-09 22:00:00',-90.00,-22.50,'operator-fee',2017,2048,73,698),('2017-04-09 22:00:00',-90.00,-22.50,'operator-fee',2017,2048,82,699),('2017-04-09 22:00:00',-90.00,-22.50,'operator-fee',2017,2048,92,700),('2017-04-09 22:00:00',-90.00,-22.50,'operator-fee',2017,2048,103,701),('2017-04-09 22:00:00',-90.00,-22.50,'operator-fee',2017,2048,110,702),('2017-04-09 22:00:00',-90.00,-22.50,'operator-fee',2017,2048,119,703),('2017-04-09 22:00:00',-90.00,-22.50,'operator-fee',2017,2048,124,704),('2017-04-09 22:00:00',-90.00,-22.50,'operator-fee',2017,2048,135,705),('2017-04-09 22:00:00',-90.00,-22.50,'operator-fee',2017,2048,176,706),('2012-12-31 23:00:00',25000.00,0.00,'entry-fee',2013,4095,7,707),('2012-12-31 23:00:00',25000.00,0.00,'entry-fee',2013,4095,9,708),('2012-12-31 23:00:00',25000.00,0.00,'entry-fee',2013,4095,10,709),('2012-12-31 23:00:00',25000.00,0.00,'entry-fee',2013,4095,14,710),('2012-12-31 23:00:00',25000.00,0.00,'entry-fee',2013,4095,15,711),('2012-12-31 23:00:00',25000.00,0.00,'entry-fee',2013,4095,17,712),('2012-12-31 23:00:00',25000.00,0.00,'entry-fee',2013,4095,18,713),('2012-12-31 23:00:00',25000.00,0.00,'entry-fee',2013,4095,19,714),('2012-12-31 23:00:00',25000.00,0.00,'entry-fee',2013,4095,20,715),('2012-12-31 23:00:00',25000.00,0.00,'entry-fee',2013,4095,23,716),('2012-12-31 23:00:00',25000.00,0.00,'entry-fee',2013,4095,26,717),('2012-12-31 23:00:00',25000.00,0.00,'entry-fee',2013,4095,27,718),('2012-12-31 23:00:00',25000.00,0.00,'entry-fee',2013,4095,28,719),('2012-12-31 23:00:00',25000.00,0.00,'entry-fee',2013,4095,29,720),('2012-12-31 23:00:00',25000.00,0.00,'entry-fee',2013,4095,30,721),('2012-12-31 23:00:00',25000.00,0.00,'entry-fee',2013,4095,41,722),('2012-12-31 23:00:00',25000.00,0.00,'entry-fee',2013,4095,43,723),('2012-12-31 23:00:00',25000.00,0.00,'entry-fee',2013,4095,44,724),('2012-12-31 23:00:00',25000.00,0.00,'entry-fee',2013,4095,45,725),('2012-12-31 23:00:00',25000.00,0.00,'entry-fee',2013,4095,47,726),('2012-12-31 23:00:00',25000.00,0.00,'entry-fee',2013,4095,48,727),('2012-12-31 23:00:00',25000.00,0.00,'entry-fee',2013,4095,49,728),('2012-12-31 23:00:00',25000.00,0.00,'entry-fee',2013,4095,50,729),('2012-12-31 23:00:00',25000.00,0.00,'entry-fee',2013,4095,51,730),('2012-12-31 23:00:00',25000.00,0.00,'entry-fee',2013,4095,52,731),('2012-12-31 23:00:00',25000.00,0.00,'entry-fee',2013,4095,53,732),('2012-12-31 23:00:00',25000.00,0.00,'entry-fee',2013,4095,54,733),('2012-12-31 23:00:00',25000.00,0.00,'entry-fee',2013,4095,55,734),('2012-12-31 23:00:00',25000.00,0.00,'entry-fee',2013,4095,57,735),('2012-12-31 23:00:00',25000.00,0.00,'entry-fee',2013,4095,58,736),('2012-12-31 23:00:00',25000.00,0.00,'entry-fee',2013,4095,60,737),('2012-12-31 23:00:00',25000.00,0.00,'entry-fee',2013,4095,62,738),('2012-12-31 23:00:00',25000.00,0.00,'entry-fee',2013,4095,63,739),('2012-12-31 23:00:00',25000.00,0.00,'entry-fee',2013,4095,64,740),('2012-12-31 23:00:00',25000.00,0.00,'entry-fee',2013,4095,65,741),('2012-12-31 23:00:00',25000.00,0.00,'entry-fee',2013,4095,69,742),('2012-12-31 23:00:00',25000.00,0.00,'entry-fee',2013,4095,71,743),('2012-12-31 23:00:00',25000.00,0.00,'entry-fee',2013,4095,72,744),('2012-12-31 23:00:00',25000.00,0.00,'entry-fee',2013,4095,73,745),('2012-12-31 23:00:00',25000.00,0.00,'entry-fee',2013,4095,76,746),('2012-12-31 23:00:00',25000.00,0.00,'entry-fee',2013,4095,82,747),('2012-12-31 23:00:00',25000.00,0.00,'entry-fee',2013,4095,91,748),('2012-12-31 23:00:00',25000.00,0.00,'entry-fee',2013,4095,92,749),('2012-12-31 23:00:00',25000.00,0.00,'entry-fee',2013,4095,95,750),('2012-12-31 23:00:00',25000.00,0.00,'entry-fee',2013,4095,98,751),('2012-12-31 23:00:00',25000.00,0.00,'entry-fee',2013,4095,102,752),('2012-12-31 23:00:00',25000.00,0.00,'entry-fee',2013,4095,103,753),('2012-12-31 23:00:00',25000.00,0.00,'entry-fee',2013,4095,106,754),('2012-12-31 23:00:00',25000.00,0.00,'entry-fee',2013,4095,108,755),('2012-12-31 23:00:00',25000.00,0.00,'entry-fee',2013,4095,110,756),('2012-12-31 23:00:00',25000.00,0.00,'entry-fee',2013,4095,113,757),('2012-12-31 23:00:00',25000.00,0.00,'entry-fee',2013,4095,114,758),('2012-12-31 23:00:00',25000.00,0.00,'entry-fee',2013,4095,115,759),('2012-12-31 23:00:00',25000.00,0.00,'entry-fee',2013,4095,116,760),('2012-12-31 23:00:00',25000.00,0.00,'entry-fee',2013,4095,117,761),('2012-12-31 23:00:00',25000.00,0.00,'entry-fee',2013,4095,118,762),('2012-12-31 23:00:00',25000.00,0.00,'entry-fee',2013,4095,119,763),('2012-12-31 23:00:00',25000.00,0.00,'entry-fee',2013,4095,121,764),('2012-12-31 23:00:00',25000.00,0.00,'entry-fee',2013,4095,123,765),('2012-12-31 23:00:00',25000.00,0.00,'entry-fee',2013,4095,124,766),('2012-12-31 23:00:00',25000.00,0.00,'entry-fee',2013,4095,127,767),('2012-12-31 23:00:00',25000.00,0.00,'entry-fee',2013,4095,128,768),('2012-12-31 23:00:00',25000.00,0.00,'entry-fee',2013,4095,129,769),('2012-12-31 23:00:00',25000.00,0.00,'entry-fee',2013,4095,130,770),('2012-12-31 23:00:00',25000.00,0.00,'entry-fee',2013,4095,132,771),('2012-12-31 23:00:00',25000.00,0.00,'entry-fee',2013,4095,133,772),('2012-12-31 23:00:00',25000.00,0.00,'entry-fee',2013,4095,135,773),('2012-12-31 23:00:00',25000.00,0.00,'entry-fee',2013,4095,136,774),('2012-12-31 23:00:00',25000.00,0.00,'entry-fee',2013,4095,139,775),('2012-12-31 23:00:00',25000.00,0.00,'entry-fee',2013,4095,144,776),('2012-12-31 23:00:00',25000.00,0.00,'entry-fee',2013,4095,148,777),('2012-12-31 23:00:00',25000.00,0.00,'entry-fee',2013,4095,152,778),('2012-12-31 23:00:00',25000.00,0.00,'entry-fee',2013,4095,156,779),('2012-12-31 23:00:00',25000.00,0.00,'entry-fee',2013,4095,159,780),('2012-12-31 23:00:00',25000.00,0.00,'entry-fee',2013,4095,162,781),('2012-12-31 23:00:00',25000.00,0.00,'entry-fee',2013,4095,164,782),('2012-12-31 23:00:00',25000.00,0.00,'entry-fee',2013,4095,165,783),('2012-12-31 23:00:00',25000.00,0.00,'entry-fee',2013,4095,166,784),('2012-12-31 23:00:00',25000.00,0.00,'entry-fee',2013,4095,170,785),('2012-12-31 23:00:00',25000.00,0.00,'entry-fee',2013,4095,176,786),('2012-12-31 23:00:00',25000.00,0.00,'entry-fee',2013,4095,182,787),('2017-04-21 17:32:25',10.00,0.00,'payment',2017,4095,127,826),('2017-04-21 17:33:34',10.00,0.00,'payment',2017,4095,127,827),('2017-04-21 17:54:58',-20.00,0.00,'payment',2017,4095,127,828),('2017-04-21 22:00:00',100.00,0.00,'payment',2017,0,100,829);
/*!40000 ALTER TABLE `estatedcs` ENABLE KEYS */;
UNLOCK TABLES;

--
-- Table structure for table `estates`
--

DROP TABLE IF EXISTS `estates`;
/*!40101 SET @saved_cs_client     = @@character_set_client */;
/*!40101 SET character_set_client = utf8 */;
CREATE TABLE `estates` (
  `estateid` int(11) NOT NULL,
  `location` varchar(100) NOT NULL,
  `address` varchar(100) NOT NULL,
  `note` varchar(100) NOT NULL,
  `fromyear` double NOT NULL,
  `toyear` double DEFAULT NULL,
  PRIMARY KEY (`estateid`)
) ENGINE=InnoDB DEFAULT CHARSET=utf8;
/*!40101 SET character_set_client = @saved_cs_client */;

--
-- Dumping data for table `estates`
--

LOCK TABLES `estates` WRITE;
/*!40000 ALTER TABLE `estates` DISABLE KEYS */;
INSERT INTO `estates` VALUES (7,'Björkulla 2:9','Björkulla Gustavero 5, 54592 Älgarås','',2013.076923076923,NULL),(9,'Töreboda Lillehult 3:1','Björkulla bandelen 2, 54592 Älgarås','',2013.076923076923,NULL),(10,'Björkulla 1:16','Bålerud Olstorp 5, 54592 Älgarås','',2013.076923076923,NULL),(14,'Bålerud 6:3','Bålerud Kyrkmossen 3, 54592 Älgarås','',2013.076923076923,NULL),(15,'Bålerud 6:4','Bålerud Eketorpet 4, 54592 Älgarås','',2013.076923076923,NULL),(17,'Björkulla 2:48','Sisjön Lillesjön 3, 54592 Älgarås','',2013.076923076923,NULL),(18,'Björkulla 2:49','Sisjön 7, 54592 Älgarås','',2013.076923076923,NULL),(19,'Björkulla 2:28','Sisjön Silverstrand 2, 54592 Älgarås','',2013.076923076923,NULL),(20,'Björkulla 2:27','Sisjön 10, 54592 Älgarås','',2013.076923076923,NULL),(23,'Björkulla 2:36','Sisjön Fågelsången 13, 54592 Älgarås','',2013.076923076923,NULL),(26,'Björkulla 2:50','Sisjön 16, 54592 Älgarås','',2013.076923076923,NULL),(27,'Björkulla 2:26','Sisjön 17, 54592 Älgarås','',2013.076923076923,NULL),(28,'Björkulla 3:2','Sisjön 18, 54592 Älgarås','',2013.076923076923,NULL),(29,'Björkulla 2:45','Sisjön 19, 54592 Älgarås','',2013.076923076923,NULL),(30,'Björkulla 2:44','Sisjön 20, 54592 Älgarås','',2013.076923076923,NULL),(41,'Lillsjökärret 1:1','Bålerud Lillsjökärret 1, 54592 Älgarås','',2013.076923076923,NULL),(43,'Björkulla 2:19','Bålerud Sörtorp 2, 54592 Älgarås','',2013.076923076923,NULL),(44,'Bålerud 1:23','Bålerud 11, 54592 Älgarås','',2013.076923076923,NULL),(45,'Bålerud 6:5','Bålerud Nordängen 10, 54592 Älgarås','',2013.076923076923,NULL),(47,'Bålerudshed 3:2','Bålerud Bålerudshed 6, 54592 Älgarås','',2013.076923076923,NULL),(48,'Bålerud 6:2','Bålerud 8, 54592 Älgarås','',2013.076923076923,NULL),(49,'Bålerud 8:1','Bålerud 9, 54592 Älgarås','',2013.076923076923,NULL),(50,'Bålerud 4:2','Bålerud 12, 54592 Älgarås','',2013.076923076923,NULL),(51,'Bålerud 8:2','Bålerud 14, 54592 Älgarås','',2013.076923076923,NULL),(52,'Bålerud 1:25','Bålerud 15, 54592 Älgarås','',2013.076923076923,NULL),(53,'Bålerud 1:22','Bålerud Tjärbacka 16, 54592 Älgarås','',2013.076923076923,NULL),(54,'Bålerud 1:13','Bålerud Södra Tjärbacka 17, 54592 Älgarås','',2013.076923076923,NULL),(55,'Bäserud 1:4','Lindåsen Bäserud 6, 54592 Älgarås','',2013.076923076923,NULL),(57,'Älgarås Anderstorp 1:3','Lindåsen Anderstorp 3, 54592 Älgarås','',2013.076923076923,NULL),(58,'Lindåstorpet 3:1','Lindåsen Lindåstorpet 2, 54592 Älgarås','',2013.076923076923,NULL),(60,'Stora Lindåsen 2:14','Lindåsen Backen 7, 54592 Älgarås','',2013.076923076923,NULL),(62,'Stora Lindåsen 2:35','Lindåsen Västergården 9, 54592 Älgarås','',2013.076923076923,NULL),(63,'Stora Lindåsen 2:43','Lindåsen 14, 54592 Älgarås','',2013.076923076923,NULL),(64,'Stora Lindåsen 2:27','Lindåsen Stora Lindåsen 15, 54592 Älgarås','',2013.076923076923,NULL),(65,'Stora Lindåsen 2:36','Lindåsen 4, 54592 Älgarås','',2013.076923076923,NULL),(69,'Älgarås 5:3','Älgarås Sörgården 47, 54592 Älgarås','',2013.076923076923,NULL),(71,'Bockerud 1:1','Bockerud 1, 54592 Älgarås','',2013.076923076923,NULL),(72,'Lilla Lindåsen 1:12','Lindåsen Höjen 52, 54592 Älgarås','',2013.076923076923,NULL),(73,'Lilla Lindåsen 1:10','Lindåsen Höjen 51, 54592 Älgarås','',2013.076923076923,NULL),(76,'Salpetersjudaretorp 1:17','Lindåsen Trälleholm 46, 54592 Älgarås','',2013.076923076923,NULL),(82,'Stora Lindåsen 6:1','Lindåsen Bredstorp 40, 54592 Älgarås','',2013.076923076923,NULL),(91,'Stora Lindåsen 2:2','Lindåsen Bygdegården 23, 54592 Älgarås','t.pjohansson@telia.com',2013.076923076923,NULL),(92,'Stora Högshult 1:5','Högshult 2, 54592 Älgarås','',2013.076923076923,NULL),(95,'Stora Lindåsen 2:33','Lindåsen 27, 54592 Älgarås','',2013.076923076923,NULL),(98,'Stora Lindåsen 2:35','Högshult Stora Högshult 5, 54592 Älgarås','',2013.076923076923,NULL),(100,'hus','gatan','bla bla',2017.3076923076924,NULL),(102,'Stora Högshult 2:2','Högshult Skolan 9, 54592 Älgarås','',2013.076923076923,NULL),(103,'Salpetersjudaretorp 1:10','Högsjult Högsås 10, 54592 Älgarås','',2013.076923076923,NULL),(106,'Stora Högshult 1:7','Myrhult Karlslund 2, 54592 Älgarås','',2013.076923076923,NULL),(108,'Bromossen 1:1','Myrhult Bromossen 4, 54592 Älgarås','',2013.076923076923,NULL),(110,'Fredstorp 1:1','Myrhult Gömmet 8, 54592 Älgarås','',2013.076923076923,NULL),(113,'Myrhult 1:2','Myrhult Nolängen 12, 54592 Älgarås','',2013.076923076923,NULL),(114,'Myrhult 1:86','Myrhult 11, 54592 Älgarås','',2013.076923076923,NULL),(115,'Myrhult 1:83','Myrhult 13, 54592 Älgarås','',2013.076923076923,NULL),(116,'Myrhult 1:79','Myrhult 15, 54592 Älgarås','',2013.076923076923,NULL),(117,'Myrhult 1:28','Myrhult Wickbergs 21, 54592 Älgarås','',2013.076923076923,NULL),(118,'Myrhult 1:65','Myrhult Mannhem 14, 54592 Älgarås','',2013.076923076923,NULL),(119,'Småfalla 1:2','Myrhult Småfalla 16, 54592 Älgarås','',2013.076923076923,NULL),(121,'Näset 1:8','Myrhult Sjömarken, 54592 Älgarås','',2013.076923076923,NULL),(123,'Myrhult 1:72','Myrhult 25, 54592 Älgarås','',2013.076923076923,NULL),(124,'Gärdesmossen 1:17','Myrhult Gärdesmossen 24, 54592 Älgarås','',2013.076923076923,NULL),(127,'Myrhult 1:23','Myrhult 26, 54592 Älgarås','',2013.076923076923,NULL),(128,'Myrhult 1:34','Myrhult Gamla Missionshuset 29, 54592 Älgarås','',2013.076923076923,NULL),(129,'Myrhult 1:64','Myrhult Knuta 30, 54592 Älgarås','',2013.076923076923,NULL),(130,'Myrhult 1:76','Myrhult 31, 54592 Älgarås','',2013.076923076923,NULL),(132,'Myrhult 1:85','Myrhult 33, 54592 Älgarås','',2013.076923076923,NULL),(133,'Myrhult 1:70','Myrhult 34, 54592 Älgarås','',2013.076923076923,NULL),(135,'Myrhult 1:47','Myrhult Blomsterhult 36, 54592 Älgarås','',2013.076923076923,NULL),(136,'Myrhult 1:82','Myrhult 38, 54592 Älgarås','',2013.076923076923,NULL),(139,'Myrhult 1:87','Myrhult Karlslund 40, 54592 Älgarås','',2013.076923076923,NULL),(144,'Habelsbolet 1:33','Myrhult Dagstorp 48, 54592 Älgarås','',2013.076923076923,NULL),(148,'Myrhult 1:16','Myrhult Sörfallsskogen 52, 54592 Älgarås','',2013.076923076923,NULL),(152,'Högåsamossen 1:1','Myrhult Högåsamossen 62, 54592 Älgarås','',2013.076923076923,NULL),(156,'Sjöbråten 1:10','Myrhult Sjöbråten 58, 54592 Älgarås','',2013.076923076923,NULL),(159,'Sjöbråten 1:11','Myrhult Sjöbråten 63, 54592 Älgarås','',2013.076923076923,NULL),(162,'Älgarås 1:8','Älgarås Älgaråsgården 42, 54592 Älgarås','',2013.076923076923,NULL),(164,'Älgarås 6:1','Ladugården, 54592 Älgarås','',2013.076923076923,NULL),(165,'Älgarås 2:3','Älgarås Haghemmet 44, 54592 Älgarås','',2013.076923076923,NULL),(166,'Västra Nybygget 1:3','Mäloset västra nybygget 2, 54592 Älgarås','',2013.076923076923,NULL),(170,'Mäloset 1:2','Mäloset Kronorättarbostället 5, 54592 Älgarås','',2013.076923076923,NULL),(176,'Mäloset 1:4','Mäloset 10, 54592 Älgarås','',2013.076923076923,NULL),(182,'Bockerud 1:5','Bockerud Nyborg 3, 54592 Älgarås','',2013.076923076923,NULL);
/*!40000 ALTER TABLE `estates` ENABLE KEYS */;
UNLOCK TABLES;

--
-- Temporary table structure for view `member_contact_sum`
--

DROP TABLE IF EXISTS `member_contact_sum`;
/*!50001 DROP VIEW IF EXISTS `member_contact_sum`*/;
SET @saved_cs_client     = @@character_set_client;
SET character_set_client = utf8;
/*!50001 CREATE TABLE `member_contact_sum` (
  `name` tinyint NOT NULL,
  `contact` tinyint NOT NULL,
  `fromyear` tinyint NOT NULL,
  `toyear` tinyint NOT NULL,
  `memberid` tinyint NOT NULL,
  `year` tinyint NOT NULL,
  `amount` tinyint NOT NULL,
  `tax` tinyint NOT NULL,
  `total` tinyint NOT NULL
) ENGINE=MyISAM */;
SET character_set_client = @saved_cs_client;

--
-- Temporary table structure for view `member_estates`
--

DROP TABLE IF EXISTS `member_estates`;
/*!50001 DROP VIEW IF EXISTS `member_estates`*/;
SET @saved_cs_client     = @@character_set_client;
SET character_set_client = utf8;
/*!50001 CREATE TABLE `member_estates` (
  `estateid` tinyint NOT NULL,
  `location` tinyint NOT NULL,
  `address` tinyint NOT NULL,
  `note` tinyint NOT NULL,
  `fromyear` tinyint NOT NULL,
  `toyear` tinyint NOT NULL,
  `memberid` tinyint NOT NULL,
  `me_fromyear` tinyint NOT NULL,
  `me_toyear` tinyint NOT NULL
) ENGINE=MyISAM */;
SET character_set_client = @saved_cs_client;

--
-- Temporary table structure for view `member_pref`
--

DROP TABLE IF EXISTS `member_pref`;
/*!50001 DROP VIEW IF EXISTS `member_pref`*/;
SET @saved_cs_client     = @@character_set_client;
SET character_set_client = utf8;
/*!50001 CREATE TABLE `member_pref` (
  `memberid` tinyint NOT NULL,
  `name` tinyint NOT NULL,
  `note` tinyint NOT NULL,
  `contact` tinyint NOT NULL,
  `fromyear` tinyint NOT NULL,
  `toyear` tinyint NOT NULL
) ENGINE=MyISAM */;
SET character_set_client = @saved_cs_client;

--
-- Temporary table structure for view `memberdc_sum`
--

DROP TABLE IF EXISTS `memberdc_sum`;
/*!50001 DROP VIEW IF EXISTS `memberdc_sum`*/;
SET @saved_cs_client     = @@character_set_client;
SET character_set_client = utf8;
/*!50001 CREATE TABLE `memberdc_sum` (
  `memberid` tinyint NOT NULL,
  `year` tinyint NOT NULL,
  `amount` tinyint NOT NULL,
  `tax` tinyint NOT NULL,
  `total` tinyint NOT NULL
) ENGINE=MyISAM */;
SET character_set_client = @saved_cs_client;

--
-- Table structure for table `memberdcs`
--

DROP TABLE IF EXISTS `memberdcs`;
/*!40101 SET @saved_cs_client     = @@character_set_client */;
/*!40101 SET character_set_client = utf8 */;
CREATE TABLE `memberdcs` (
  `date` timestamp NOT NULL DEFAULT CURRENT_TIMESTAMP,
  `amount` decimal(7,2) NOT NULL,
  `tax` decimal(7,2) NOT NULL,
  `type` varchar(45) NOT NULL,
  `year` int(11) NOT NULL,
  `memberid` int(11) NOT NULL,
  `memberdcid` int(11) NOT NULL AUTO_INCREMENT,
  PRIMARY KEY (`memberdcid`,`memberid`)
) ENGINE=InnoDB AUTO_INCREMENT=141 DEFAULT CHARSET=utf8;
/*!40101 SET character_set_client = @saved_cs_client */;

--
-- Dumping data for table `memberdcs`
--

LOCK TABLES `memberdcs` WRITE;
/*!40000 ALTER TABLE `memberdcs` DISABLE KEYS */;
INSERT INTO `memberdcs` VALUES ('2017-02-07 23:00:00',-500.00,0.00,'membership-fee',2017,1,1),('2017-02-07 23:00:00',-500.00,0.00,'membership-fee',2017,2,2),('2017-02-07 23:00:00',-500.00,0.00,'membership-fee',2017,3,3),('2017-02-07 23:00:00',-500.00,0.00,'membership-fee',2017,4,4),('2017-02-07 23:00:00',-500.00,0.00,'membership-fee',2017,5,5),('2017-02-07 23:00:00',-500.00,0.00,'membership-fee',2017,6,6),('2017-02-07 23:00:00',-500.00,0.00,'membership-fee',2017,7,7),('2017-02-07 23:00:00',-500.00,0.00,'membership-fee',2017,8,8),('2017-02-07 23:00:00',-500.00,0.00,'membership-fee',2017,10,9),('2017-02-07 23:00:00',-500.00,0.00,'membership-fee',2017,11,10),('2017-02-07 23:00:00',-500.00,0.00,'membership-fee',2017,12,11),('2017-02-07 23:00:00',-500.00,0.00,'membership-fee',2017,13,12),('2017-02-07 23:00:00',-500.00,0.00,'membership-fee',2017,14,13),('2017-02-07 23:00:00',-500.00,0.00,'membership-fee',2017,15,14),('2017-02-07 23:00:00',-500.00,0.00,'membership-fee',2017,16,15),('2017-02-07 23:00:00',-500.00,0.00,'membership-fee',2017,17,16),('2017-02-07 23:00:00',-500.00,0.00,'membership-fee',2017,18,17),('2017-02-07 23:00:00',-500.00,0.00,'membership-fee',2017,20,18),('2017-02-07 23:00:00',-500.00,0.00,'membership-fee',2017,21,19),('2017-02-07 23:00:00',-500.00,0.00,'membership-fee',2017,22,20),('2017-02-07 23:00:00',-500.00,0.00,'membership-fee',2017,23,21),('2017-02-07 23:00:00',-500.00,0.00,'membership-fee',2017,24,22),('2017-02-07 23:00:00',-500.00,0.00,'membership-fee',2017,25,23),('2017-02-07 23:00:00',-500.00,0.00,'membership-fee',2017,26,24),('2017-02-07 23:00:00',-500.00,0.00,'membership-fee',2017,27,25),('2017-02-07 23:00:00',-500.00,0.00,'membership-fee',2017,28,26),('2017-02-07 23:00:00',-500.00,0.00,'membership-fee',2017,29,27),('2017-02-07 23:00:00',-500.00,0.00,'membership-fee',2017,30,28),('2017-02-07 23:00:00',-500.00,0.00,'membership-fee',2017,31,29),('2017-02-07 23:00:00',-500.00,0.00,'membership-fee',2017,32,30),('2017-02-07 23:00:00',-500.00,0.00,'membership-fee',2017,33,31),('2017-02-07 23:00:00',-500.00,0.00,'membership-fee',2017,34,32),('2017-02-07 23:00:00',-500.00,0.00,'membership-fee',2017,35,33),('2017-02-07 23:00:00',-500.00,0.00,'membership-fee',2017,36,34),('2017-02-07 23:00:00',-500.00,0.00,'membership-fee',2017,37,35),('2017-02-07 23:00:00',-500.00,0.00,'membership-fee',2017,38,36),('2017-02-07 23:00:00',-500.00,0.00,'membership-fee',2017,39,37),('2017-02-07 23:00:00',-500.00,0.00,'membership-fee',2017,40,38),('2017-02-07 23:00:00',-500.00,0.00,'membership-fee',2017,42,39),('2017-02-07 23:00:00',-500.00,0.00,'membership-fee',2017,43,40),('2017-02-07 23:00:00',-500.00,0.00,'membership-fee',2017,44,41),('2017-02-07 23:00:00',-500.00,0.00,'membership-fee',2017,45,42),('2017-02-07 23:00:00',-500.00,0.00,'membership-fee',2017,46,43),('2017-02-07 23:00:00',-500.00,0.00,'membership-fee',2017,47,44),('2017-02-07 23:00:00',-500.00,0.00,'membership-fee',2017,48,45),('2017-02-07 23:00:00',-500.00,0.00,'membership-fee',2017,49,46),('2017-02-07 23:00:00',-500.00,0.00,'membership-fee',2017,50,47),('2017-02-07 23:00:00',-500.00,0.00,'membership-fee',2017,51,48),('2017-02-07 23:00:00',-500.00,0.00,'membership-fee',2017,52,49),('2017-02-07 23:00:00',-500.00,0.00,'membership-fee',2017,53,50),('2017-02-07 23:00:00',-500.00,0.00,'membership-fee',2017,54,51),('2017-02-07 23:00:00',-500.00,0.00,'membership-fee',2017,55,52),('2017-02-07 23:00:00',-500.00,0.00,'membership-fee',2017,56,53),('2017-02-07 23:00:00',-500.00,0.00,'membership-fee',2017,57,54),('2017-02-07 23:00:00',-500.00,0.00,'membership-fee',2017,58,55),('2017-02-07 23:00:00',-500.00,0.00,'membership-fee',2017,59,56),('2017-02-07 23:00:00',-500.00,0.00,'membership-fee',2017,60,57),('2017-02-07 23:00:00',-500.00,0.00,'membership-fee',2017,61,58),('2017-02-07 23:00:00',-500.00,0.00,'membership-fee',2017,62,59),('2017-02-07 23:00:00',-500.00,0.00,'membership-fee',2017,63,60),('2017-02-07 23:00:00',-500.00,0.00,'membership-fee',2017,64,61),('2017-02-07 23:00:00',-500.00,0.00,'membership-fee',2017,65,62),('2017-02-07 23:00:00',-500.00,0.00,'membership-fee',2017,66,63),('2017-02-07 23:00:00',-500.00,0.00,'membership-fee',2017,67,64),('2017-02-07 23:00:00',-500.00,0.00,'membership-fee',2017,68,65),('2017-02-07 23:00:00',-500.00,0.00,'membership-fee',2017,69,66),('2017-02-07 23:00:00',-500.00,0.00,'membership-fee',2017,70,67),('2017-02-07 23:00:00',-500.00,0.00,'membership-fee',2017,71,68),('2017-02-07 23:00:00',-500.00,0.00,'membership-fee',2017,72,69),('2017-02-07 23:00:00',-500.00,0.00,'membership-fee',2017,73,70),('2017-02-07 23:00:00',-500.00,0.00,'membership-fee',2017,74,71),('2017-02-07 23:00:00',-500.00,0.00,'membership-fee',2017,75,72),('2017-02-07 23:00:00',-500.00,0.00,'membership-fee',2017,76,73),('2017-02-07 23:00:00',-500.00,0.00,'membership-fee',2017,77,74),('2017-02-07 23:00:00',-500.00,0.00,'membership-fee',2017,78,75),('2017-02-07 23:00:00',-500.00,0.00,'membership-fee',2017,81,76),('2017-01-01 23:00:00',500.00,0.00,'payment',2017,63,77),('2017-01-01 23:00:00',500.00,0.00,'payment',2017,66,78),('2017-01-30 23:00:00',500.00,0.00,'payment',2017,46,79),('2017-02-05 23:00:00',500.00,0.00,'payment',2017,16,80),('2017-02-05 23:00:00',500.00,0.00,'payment',2017,36,81),('2017-02-07 23:00:00',500.00,0.00,'payment',2017,14,82),('2017-02-07 23:00:00',500.00,0.00,'payment',2017,40,83),('2017-02-08 23:00:00',500.00,0.00,'payment',2017,3,84),('2017-02-08 23:00:00',500.00,0.00,'payment',2017,8,85),('2017-02-08 23:00:00',500.00,0.00,'payment',2017,68,86),('2017-02-12 23:00:00',500.00,0.00,'payment',2017,25,87),('2017-02-13 23:00:00',500.00,0.00,'payment',2017,7,88),('2017-02-14 23:00:00',500.00,0.00,'payment',2017,57,89),('2017-02-14 23:00:00',500.00,0.00,'payment',2017,58,90),('2017-02-15 23:00:00',500.00,0.00,'payment',2017,43,91),('2017-02-16 23:00:00',500.00,0.00,'payment',2017,55,92),('2017-02-19 23:00:00',500.00,0.00,'payment',2017,21,93),('2017-02-19 23:00:00',500.00,0.00,'payment',2017,39,94),('2017-02-19 23:00:00',500.00,0.00,'payment',2017,44,95),('2017-02-19 23:00:00',500.00,0.00,'payment',2017,64,96),('2017-02-21 23:00:00',500.00,0.00,'payment',2017,28,97),('2017-02-22 23:00:00',500.00,0.00,'payment',2017,6,98),('2017-02-22 23:00:00',500.00,0.00,'payment',2017,60,99),('2017-02-23 23:00:00',500.00,0.00,'payment',2017,47,100),('2017-02-23 23:00:00',500.00,0.00,'payment',2017,54,101),('2017-02-23 23:00:00',500.00,0.00,'payment',2017,67,102),('2017-02-26 23:00:00',500.00,0.00,'payment',2017,2,103),('2017-02-26 23:00:00',500.00,0.00,'payment',2017,5,104),('2017-02-26 23:00:00',500.00,0.00,'payment',2017,18,105),('2017-02-26 23:00:00',500.00,0.00,'payment',2017,22,106),('2017-02-26 23:00:00',500.00,0.00,'payment',2017,23,107),('2017-02-26 23:00:00',500.00,0.00,'payment',2017,27,108),('2017-02-26 23:00:00',500.00,0.00,'payment',2017,30,109),('2017-02-26 23:00:00',500.00,0.00,'payment',2017,32,110),('2017-02-26 23:00:00',500.00,0.00,'payment',2017,33,111),('2017-02-26 23:00:00',500.00,0.00,'payment',2017,49,112),('2017-02-26 23:00:00',500.00,0.00,'payment',2017,51,113),('2017-02-26 23:00:00',500.00,0.00,'payment',2017,52,114),('2017-02-26 23:00:00',500.00,0.00,'payment',2017,53,115),('2017-02-26 23:00:00',500.00,0.00,'payment',2017,69,116),('2017-02-26 23:00:00',500.00,0.00,'payment',2017,70,117),('2017-02-26 23:00:00',500.00,0.00,'payment',2017,72,118),('2017-02-26 23:00:00',500.00,0.00,'payment',2017,75,119),('2017-02-26 23:00:00',500.00,0.00,'payment',2017,76,120),('2017-02-27 23:00:00',500.00,0.00,'payment',2017,1,121),('2017-02-27 23:00:00',500.00,0.00,'payment',2017,4,122),('2017-02-27 23:00:00',500.00,0.00,'payment',2017,11,123),('2017-02-27 23:00:00',500.00,0.00,'payment',2017,12,124),('2017-02-27 23:00:00',500.00,0.00,'payment',2017,29,125),('2017-02-27 23:00:00',500.00,0.00,'payment',2017,31,126),('2017-02-27 23:00:00',500.00,0.00,'payment',2017,34,127),('2017-02-27 23:00:00',500.00,0.00,'payment',2017,37,128),('2017-02-27 23:00:00',500.00,0.00,'payment',2017,38,129),('2017-02-27 23:00:00',500.00,0.00,'payment',2017,42,130),('2017-02-27 23:00:00',500.00,0.00,'payment',2017,48,131),('2017-02-27 23:00:00',500.00,0.00,'payment',2017,56,132),('2017-02-27 23:00:00',500.00,0.00,'payment',2017,59,133),('2017-02-27 23:00:00',500.00,0.00,'payment',2017,61,134),('2017-02-27 23:00:00',500.00,0.00,'payment',2017,65,135),('2017-02-27 23:00:00',500.00,0.00,'payment',2017,71,136),('2017-02-27 23:00:00',500.00,0.00,'payment',2017,74,137),('2017-02-27 23:00:00',500.00,0.00,'payment',2017,77,138),('2017-02-27 23:00:00',500.00,0.00,'payment',2017,78,139);
/*!40000 ALTER TABLE `memberdcs` ENABLE KEYS */;
UNLOCK TABLES;

--
-- Temporary table structure for view `memberpref`
--

DROP TABLE IF EXISTS `memberpref`;
/*!50001 DROP VIEW IF EXISTS `memberpref`*/;
SET @saved_cs_client     = @@character_set_client;
SET character_set_client = utf8;
/*!50001 CREATE TABLE `memberpref` (
  `memberid` tinyint NOT NULL,
  `name` tinyint NOT NULL,
  `contact` tinyint NOT NULL,
  `fromyear` tinyint NOT NULL,
  `toyear` tinyint NOT NULL
) ENGINE=MyISAM */;
SET character_set_client = @saved_cs_client;

--
-- Table structure for table `members`
--

DROP TABLE IF EXISTS `members`;
/*!40101 SET @saved_cs_client     = @@character_set_client */;
/*!40101 SET character_set_client = utf8 */;
CREATE TABLE `members` (
  `memberid` int(11) NOT NULL,
  `name` varchar(100) NOT NULL,
  `note` varchar(100) NOT NULL,
  `fromyear` double NOT NULL,
  `toyear` double DEFAULT NULL,
  PRIMARY KEY (`memberid`)
) ENGINE=InnoDB DEFAULT CHARSET=utf8;
/*!40101 SET character_set_client = @saved_cs_client */;

--
-- Dumping data for table `members`
--

LOCK TABLES `members` WRITE;
/*!40000 ALTER TABLE `members` DISABLE KEYS */;
INSERT INTO `members` VALUES (1,'Jangdal, Mats. Kabo, Ann','',2013.076923076923,NULL),(2,'Thyde, Herluf. Cronstam Thyde, Marianne','',2013.076923076923,NULL),(3,'Jörgensen, Ulla','',2013.076923076923,NULL),(4,'Johansson, Stig-Evert','',2013.076923076923,NULL),(5,'Ryman, Lars. Gunnel','',2013.076923076923,NULL),(6,'Eriksson, Nils-Erik','',2013.076923076923,NULL),(7,'Ek, Stellan','',2013.076923076923,NULL),(8,'Högberg, Per-Inge','',2013.076923076923,NULL),(9,'Enoxon, Lillemor. Camilla. Veronica. Lock, Magdalena','',2013.076923076923,2016.923076923077),(10,'Englund Linda','',2016.076923076923,NULL),(11,'Olofsson, Johnny','',2013.076923076923,NULL),(12,'Isaksson, Olof. Inger. SWEMEK','',2013.076923076923,NULL),(13,'Hjalmarsson, Roland. (Henrik)','',2013.076923076923,NULL),(14,'Bjuren, Berit','',2013.076923076923,NULL),(15,'Nilsson, Jan. Iréne','',2013.076923076923,NULL),(16,'Johansson, Sandra. (Gustavsson, Tobias)','',2013.076923076923,NULL),(17,'Bygdegården','bokning Torbjörn, Pernilla',2013.076923076923,NULL),(18,'Bratt, Roger','',2013.076923076923,NULL),(20,'Persson, Conny. Gun-britt','',2013.076923076923,NULL),(21,'Sundbro, Sven','',2013.076923076923,NULL),(22,'Runvik, Anita','',2013.076923076923,NULL),(23,'Backman, Anders. Ann-Marie','',2013.076923076923,NULL),(24,'Skagerstam, David. Persson, Sofia','Skicka fakturan till Sofia Persson',2013.076923076923,NULL),(25,'Suomalainen, Seppo. Sirka','',2013.076923076923,NULL),(26,'Mann, Roger','',2013.076923076923,NULL),(27,'Johansson, Torbjörn. Bengt','',2013.076923076923,NULL),(28,'Jansson, Gunnar','',2013.076923076923,NULL),(29,'Johansson, Anna-Stina','',2013.076923076923,NULL),(30,'Englund, Tony. Mari','',2013.076923076923,NULL),(31,'Johansson, Anders. Ylva','',2013.076923076923,NULL),(32,'Andersson, Per-Erik. (Johansson, Ann-Charlotte)','',2013.076923076923,NULL),(33,'Johansson, Keith','',2013.076923076923,NULL),(34,'Pettersson, Elin','',2013.076923076923,NULL),(35,'Schön, Stefan. (Leppänen, Anette)','',2013.076923076923,NULL),(36,'Schön, Göran. Hagar','',2013.076923076923,NULL),(37,'Pettersson, Svante,Pia Eksell','',2013.076923076923,NULL),(38,'Ljungberg, Lars. Annica','',2013.076923076923,NULL),(39,'Josefsson, Bengt','',2013.076923076923,NULL),(40,'Tropp, Mats','',2013.076923076923,NULL),(42,'Samuelsson, Monica o Berg, Sören','',2013.076923076923,NULL),(43,'Hildenborg, Mikael','',2015.307692307692,NULL),(44,'Svensson, Sören. S-Flodström, Annika','',2014.076923076923,NULL),(45,'Rosman, Jonas','',2013.076923076923,NULL),(46,'Lambertson, Kennet','',2013.076923076923,NULL),(47,'Lien, Johnny Ole','',2013.076923076923,NULL),(48,'Goedhart, Chris','',2013.076923076923,NULL),(49,'Flyckt, Lars-Åke. Söder, Eva','',2013.076923076923,NULL),(50,'Englund, Sandra. Moberg, Mathias','',2013.076923076923,NULL),(51,'Hagström, Bo. Rickard','',2013.076923076923,NULL),(52,'Jansson, Sven-Olof','',2013.076923076923,NULL),(53,'Torkilsson, Ronny. Anette','',2013.076923076923,NULL),(54,'Geier-Wehrmann, Michael','',2015.846153846154,NULL),(55,'Agrell, Yvonne','',2013.076923076923,NULL),(56,'Karlsson, Kjell, Åsa','',2014.076923076923,NULL),(57,'Andersson, Vivian','',2013.076923076923,NULL),(58,'Andersson, Wivan','',2013.076923076923,NULL),(59,'Arlt, Irene','',2013.076923076923,NULL),(60,'Bengtsson, Karin','',2013.076923076923,NULL),(61,'Bratt, Christer. Silverstrand, Berit','',2013.076923076923,NULL),(62,'Engstrand, Fredrik','',2013.076923076923,NULL),(63,'Fhyr, Eva o Thore','',2013.076923076923,NULL),(64,'Holzmair, Hans. Gertrud','',2013.076923076923,NULL),(65,'Isaksson, Sören. Lindgren, Anneli','',2013.076923076923,NULL),(66,'Jansson, Anna','',2013.076923076923,NULL),(67,'Qvist, Annika','',2014.769230769231,NULL),(68,'Metz, Andreas','',2015.846153846154,NULL),(69,'Karlsson, Kent. Margareta','',2013.076923076923,NULL),(70,'Toresson, Anna. Hjalmarsson, Patrik','',2015.615384615385,NULL),(71,'Siehl, Tobias Erich. Nicole','',2013.076923076923,NULL),(72,'Spatz, Cornelia','',2013.076923076923,NULL),(73,'Stabla, Peter. Sigrid (Nicolai)','',2013.076923076923,NULL),(74,'Ingvarsdotter, Gabriella. Wretling, Peter','',2015.307692307692,NULL),(75,'Svarvarsson, Höskuldur','',2013.076923076923,NULL),(76,'Svensson, Ulf, Johansson, Camilla','',2013.076923076923,NULL),(77,'van Haaften, Leendert. Louise','',2013.076923076923,NULL),(78,'Paulmichl, Florian & Schwitter Margaretha','',2015.461538461538,NULL),(81,'Larsson, Per','',2017.076923076923,NULL),(999,'kalle kula','not',2017.2307692307693,NULL);
/*!40000 ALTER TABLE `members` ENABLE KEYS */;
UNLOCK TABLES;

--
-- Temporary table structure for view `members_estates`
--

DROP TABLE IF EXISTS `members_estates`;
/*!50001 DROP VIEW IF EXISTS `members_estates`*/;
SET @saved_cs_client     = @@character_set_client;
SET character_set_client = utf8;
/*!50001 CREATE TABLE `members_estates` (
  `memberid` tinyint NOT NULL,
  `name` tinyint NOT NULL,
  `contact` tinyint NOT NULL,
  `m_note` tinyint NOT NULL,
  `m_fromyear` tinyint NOT NULL,
  `m_toyear` tinyint NOT NULL,
  `me_fromyear` tinyint NOT NULL,
  `me_toyear` tinyint NOT NULL,
  `estateid` tinyint NOT NULL,
  `location` tinyint NOT NULL,
  `address` tinyint NOT NULL,
  `e_note` tinyint NOT NULL,
  `e_fromyear` tinyint NOT NULL,
  `e_toyear` tinyint NOT NULL
) ENGINE=MyISAM */;
SET character_set_client = @saved_cs_client;

--
-- Table structure for table `membersestates`
--

DROP TABLE IF EXISTS `membersestates`;
/*!40101 SET @saved_cs_client     = @@character_set_client */;
/*!40101 SET character_set_client = utf8 */;
CREATE TABLE `membersestates` (
  `fromyear` double NOT NULL,
  `toyear` double DEFAULT NULL,
  `memberid` int(11) NOT NULL,
  `estateid` int(11) NOT NULL,
  PRIMARY KEY (`estateid`,`memberid`)
) ENGINE=InnoDB DEFAULT CHARSET=utf8;
/*!40101 SET character_set_client = @saved_cs_client */;

--
-- Dumping data for table `membersestates`
--

LOCK TABLES `membersestates` WRITE;
/*!40000 ALTER TABLE `membersestates` DISABLE KEYS */;
INSERT INTO `membersestates` VALUES (2013.076923076923,NULL,33,7),(2013.076923076923,NULL,32,9),(2013.076923076923,NULL,5,10),(2013.076923076923,NULL,30,14),(2013.076923076923,NULL,31,15),(2013.076923076923,NULL,48,17),(2013.076923076923,NULL,47,18),(2013.076923076923,NULL,34,19),(2013.076923076923,NULL,36,20),(2013.076923076923,NULL,38,23),(2013.076923076923,NULL,39,26),(2013.076923076923,NULL,40,27),(2013.076923076923,NULL,37,28),(2013.076923076923,NULL,14,29),(2013.076923076923,NULL,15,30),(2013.076923076923,NULL,34,41),(2013.076923076923,NULL,35,43),(2013.076923076923,NULL,25,44),(2013.076923076923,NULL,26,45),(2013.076923076923,NULL,27,47),(2013.076923076923,NULL,27,48),(2013.076923076923,NULL,28,49),(2013.076923076923,NULL,7,50),(2013.076923076923,NULL,28,51),(2013.076923076923,NULL,29,52),(2013.076923076923,NULL,6,53),(2013.076923076923,NULL,4,54),(2013.076923076923,NULL,23,55),(2013.076923076923,NULL,8,57),(2013.076923076923,NULL,24,58),(2013.076923076923,NULL,52,60),(2013.076923076923,NULL,51,62),(2013.076923076923,NULL,20,63),(2013.076923076923,2016.923076923077,9,64),(2017.076923076923,NULL,81,64),(2013.076923076923,NULL,21,65),(2013.076923076923,NULL,13,69),(2013.076923076923,NULL,45,71),(2014.076923076923,NULL,44,72),(2015.307692307692,NULL,43,73),(2013.076923076923,NULL,42,76),(2013.076923076923,NULL,11,82),(2013.076923076923,NULL,17,91),(2013.076923076923,NULL,76,92),(2013.076923076923,NULL,18,95),(2013.076923076923,NULL,51,98),(2017.1538461538462,NULL,999,100),(2013.076923076923,NULL,22,102),(2013.076923076923,NULL,12,103),(2013.076923076923,NULL,65,106),(2013.076923076923,NULL,75,108),(2013.076923076923,NULL,3,110),(2013.076923076923,NULL,71,113),(2013.076923076923,NULL,73,114),(2015.461538461538,NULL,78,115),(2015.615384615385,NULL,70,116),(2013.076923076923,NULL,69,117),(2013.076923076923,NULL,66,118),(2013.076923076923,NULL,61,119),(2013.076923076923,NULL,57,121),(2015.307692307692,NULL,74,123),(2013.076923076923,NULL,2,124),(2013.076923076923,NULL,1,127),(2013.076923076923,NULL,72,128),(2013.076923076923,NULL,60,129),(2013.076923076923,NULL,64,130),(2014.769230769231,NULL,67,132),(2015.846153846154,NULL,54,133),(2015.846153846154,NULL,68,135),(2013.076923076923,NULL,63,136),(2013.076923076923,NULL,62,139),(2013.076923076923,NULL,58,144),(2014.076923076923,NULL,56,148),(2013.076923076923,NULL,59,152),(2013.076923076923,NULL,55,156),(2013.076923076923,NULL,77,159),(2016.076923076923,NULL,10,162),(2013.076923076923,NULL,51,164),(2013.076923076923,NULL,53,165),(2013.076923076923,NULL,50,166),(2013.076923076923,NULL,16,170),(2013.076923076923,NULL,49,176),(2013.076923076923,NULL,46,182);
/*!40000 ALTER TABLE `membersestates` ENABLE KEYS */;
UNLOCK TABLES;

--
-- Final view structure for view `current_full`
--

/*!50001 DROP TABLE IF EXISTS `current_full`*/;
/*!50001 DROP VIEW IF EXISTS `current_full`*/;
/*!50001 SET @saved_cs_client          = @@character_set_client */;
/*!50001 SET @saved_cs_results         = @@character_set_results */;
/*!50001 SET @saved_col_connection     = @@collation_connection */;
/*!50001 SET character_set_client      = utf8 */;
/*!50001 SET character_set_results     = utf8 */;
/*!50001 SET collation_connection      = utf8_general_ci */;
/*!50001 CREATE ALGORITHM=UNDEFINED */

/*!50001 VIEW `current_full` AS select distinct `me`.`memberid` AS `memberid`,`me`.`name` AS `name`,`me`.`contact` AS `contact`,`me`.`m_note` AS `m_note`,`me`.`m_fromyear` AS `m_fromyear`,`me`.`m_toyear` AS `m_toyear`,`me`.`me_fromyear` AS `me_fromyear`,`me`.`me_toyear` AS `me_toyear`,`me`.`estateid` AS `estateid`,`me`.`location` AS `location`,`me`.`address` AS `address`,`me`.`e_note` AS `e_note`,`me`.`e_fromyear` AS `e_fromyear`,`me`.`e_toyear` AS `e_toyear`,`eb`.`bimonths` AS `bimonths` from (`members_estates` `me` join `estatebi` `eb` on((`eb`.`estateid` = `me`.`estateid`))) where (isnull(`me`.`me_toyear`) and (`eb`.`year` = year(curdate()))) */;
/*!50001 SET character_set_client      = @saved_cs_client */;
/*!50001 SET character_set_results     = @saved_cs_results */;
/*!50001 SET collation_connection      = @saved_col_connection */;

--
-- Final view structure for view `estate_owners`
--

/*!50001 DROP TABLE IF EXISTS `estate_owners`*/;
/*!50001 DROP VIEW IF EXISTS `estate_owners`*/;
/*!50001 SET @saved_cs_client          = @@character_set_client */;
/*!50001 SET @saved_cs_results         = @@character_set_results */;
/*!50001 SET @saved_col_connection     = @@collation_connection */;
/*!50001 SET character_set_client      = utf8 */;
/*!50001 SET character_set_results     = utf8 */;
/*!50001 SET collation_connection      = utf8_general_ci */;
/*!50001 CREATE ALGORITHM=UNDEFINED */

/*!50001 VIEW `estate_owners` AS select `mp`.`memberid` AS `memberid`,`mp`.`name` AS `name`,`mp`.`note` AS `note`,`mp`.`contact` AS `contact`,`me`.`estateid` AS `estateid`,`me`.`fromyear` AS `fromyear`,`me`.`toyear` AS `toyear` from (`member_pref` `mp` join `membersestates` `me` on((`me`.`memberid` = `mp`.`memberid`))) */;
/*!50001 SET character_set_client      = @saved_cs_client */;
/*!50001 SET character_set_results     = @saved_cs_results */;
/*!50001 SET collation_connection      = @saved_col_connection */;

--
-- Final view structure for view `estate_sums`
--

/*!50001 DROP TABLE IF EXISTS `estate_sums`*/;
/*!50001 DROP VIEW IF EXISTS `estate_sums`*/;
/*!50001 SET @saved_cs_client          = @@character_set_client */;
/*!50001 SET @saved_cs_results         = @@character_set_results */;
/*!50001 SET @saved_col_connection     = @@collation_connection */;
/*!50001 SET character_set_client      = utf8 */;
/*!50001 SET character_set_results     = utf8 */;
/*!50001 SET collation_connection      = utf8_general_ci */;
/*!50001 CREATE ALGORITHM=UNDEFINED */

/*!50001 VIEW `estate_sums` AS select `es`.`conamount` AS `conamount`,`es`.`contax` AS `contax`,`es`.`conmonths` AS `conmonths`,`es`.`opamount` AS `opamount`,`es`.`optax` AS `optax`,`es`.`opmonths` AS `opmonths`,`es`.`payamount` AS `payamount`,`es`.`estateid` AS `estateid`,`es`.`year` AS `year`,`es`.`total` AS `total`,`me`.`address` AS `address`,`me`.`memberid` AS `memberid` from (`estatedc_sums` `es` join `member_estates` `me` on((`me`.`estateid` = `es`.`estateid`))) */;
/*!50001 SET character_set_client      = @saved_cs_client */;
/*!50001 SET character_set_results     = @saved_cs_results */;
/*!50001 SET collation_connection      = @saved_col_connection */;

--
-- Final view structure for view `estate_usage`
--

/*!50001 DROP TABLE IF EXISTS `estate_usage`*/;
/*!50001 DROP VIEW IF EXISTS `estate_usage`*/;
/*!50001 SET @saved_cs_client          = @@character_set_client */;
/*!50001 SET @saved_cs_results         = @@character_set_results */;
/*!50001 SET @saved_col_connection     = @@collation_connection */;
/*!50001 SET character_set_client      = utf8 */;
/*!50001 SET character_set_results     = utf8 */;
/*!50001 SET collation_connection      = utf8_general_ci */;
/*!50001 CREATE ALGORITHM=UNDEFINED */

/*!50001 VIEW `estate_usage` AS select distinct `eo`.`memberid` AS `memberid`,`eo`.`name` AS `name`,`eo`.`contact` AS `contact`,`eo`.`fromyear` AS `fromyear`,`eo`.`toyear` AS `toyear`,`e`.`estateid` AS `estateid`,`e`.`address` AS `address`,`eb`.`bimonths` AS `bimonths`,`ea`.`actmonths` AS `actmonths`,`eb`.`year` AS `year` from (`estates` `e` join ((`estate_owners` `eo` join `estatebi` `eb`) join `estateact` `ea`) on(((`eo`.`estateid` = `e`.`estateid`) and (`eb`.`estateid` = `e`.`estateid`) and (`ea`.`estateid` = `e`.`estateid`)))) where (`eb`.`year` = `ea`.`year`) */;
/*!50001 SET character_set_client      = @saved_cs_client */;
/*!50001 SET character_set_results     = @saved_cs_results */;
/*!50001 SET collation_connection      = @saved_col_connection */;

--
-- Final view structure for view `estatedc_consum`
--

/*!50001 DROP TABLE IF EXISTS `estatedc_consum`*/;
/*!50001 DROP VIEW IF EXISTS `estatedc_consum`*/;
/*!50001 SET @saved_cs_client          = @@character_set_client */;
/*!50001 SET @saved_cs_results         = @@character_set_results */;
/*!50001 SET @saved_col_connection     = @@collation_connection */;
/*!50001 SET character_set_client      = utf8 */;
/*!50001 SET character_set_results     = utf8 */;
/*!50001 SET collation_connection      = utf8_general_ci */;
/*!50001 CREATE ALGORITHM=UNDEFINED */

/*!50001 VIEW `estatedc_consum` AS select `estatedc_sum`.`sumamount` AS `conamount`,`estatedc_sum`.`sumtax` AS `contax`,`estatedc_sum`.`estateid` AS `estateid`,`estatedc_sum`.`year` AS `year`,`estatedc_sum`.`months` AS `conmonths` from `estatedc_sum` where (`estatedc_sum`.`type` = 'connection-fee') */;
/*!50001 SET character_set_client      = @saved_cs_client */;
/*!50001 SET character_set_results     = @saved_cs_results */;
/*!50001 SET collation_connection      = @saved_col_connection */;

--
-- Final view structure for view `estatedc_opsum`
--

/*!50001 DROP TABLE IF EXISTS `estatedc_opsum`*/;
/*!50001 DROP VIEW IF EXISTS `estatedc_opsum`*/;
/*!50001 SET @saved_cs_client          = @@character_set_client */;
/*!50001 SET @saved_cs_results         = @@character_set_results */;
/*!50001 SET @saved_col_connection     = @@collation_connection */;
/*!50001 SET character_set_client      = utf8 */;
/*!50001 SET character_set_results     = utf8 */;
/*!50001 SET collation_connection      = utf8_general_ci */;
/*!50001 CREATE ALGORITHM=UNDEFINED */

/*!50001 VIEW `estatedc_opsum` AS select `estatedc_sum`.`sumamount` AS `opamount`,`estatedc_sum`.`sumtax` AS `optax`,`estatedc_sum`.`estateid` AS `estateid`,`estatedc_sum`.`year` AS `year`,`estatedc_sum`.`months` AS `opmonths` from `estatedc_sum` where (`estatedc_sum`.`type` = 'operator-fee') */;
/*!50001 SET character_set_client      = @saved_cs_client */;
/*!50001 SET character_set_results     = @saved_cs_results */;
/*!50001 SET collation_connection      = @saved_col_connection */;

--
-- Final view structure for view `estatedc_paysum`
--

/*!50001 DROP TABLE IF EXISTS `estatedc_paysum`*/;
/*!50001 DROP VIEW IF EXISTS `estatedc_paysum`*/;
/*!50001 SET @saved_cs_client          = @@character_set_client */;
/*!50001 SET @saved_cs_results         = @@character_set_results */;
/*!50001 SET @saved_col_connection     = @@collation_connection */;
/*!50001 SET character_set_client      = utf8 */;
/*!50001 SET character_set_results     = utf8 */;
/*!50001 SET collation_connection      = utf8_general_ci */;
/*!50001 CREATE ALGORITHM=UNDEFINED */

/*!50001 VIEW `estatedc_paysum` AS select `estatedc_sum`.`sumamount` AS `payamount`,`estatedc_sum`.`estateid` AS `estateid`,`estatedc_sum`.`year` AS `year` from `estatedc_sum` where (`estatedc_sum`.`type` = 'payment') */;
/*!50001 SET character_set_client      = @saved_cs_client */;
/*!50001 SET character_set_results     = @saved_cs_results */;
/*!50001 SET collation_connection      = @saved_col_connection */;

--
-- Final view structure for view `estatedc_sum`
--

/*!50001 DROP TABLE IF EXISTS `estatedc_sum`*/;
/*!50001 DROP VIEW IF EXISTS `estatedc_sum`*/;
/*!50001 SET @saved_cs_client          = @@character_set_client */;
/*!50001 SET @saved_cs_results         = @@character_set_results */;
/*!50001 SET @saved_col_connection     = @@collation_connection */;
/*!50001 SET character_set_client      = utf8 */;
/*!50001 SET character_set_results     = utf8 */;
/*!50001 SET collation_connection      = utf8_general_ci */;
/*!50001 CREATE ALGORITHM=UNDEFINED */

/*!50001 VIEW `estatedc_sum` AS select ifnull(sum(`estatedcs`.`amount`),0) AS `sumamount`,ifnull(sum(`estatedcs`.`tax`),0) AS `sumtax`,`estatedcs`.`estateid` AS `estateid`,`estatedcs`.`type` AS `type`,`estatedcs`.`year` AS `year`,`estatedcs`.`months` AS `months` from `estatedcs` group by `estatedcs`.`estateid`,`estatedcs`.`type`,`estatedcs`.`year` */;
/*!50001 SET character_set_client      = @saved_cs_client */;
/*!50001 SET character_set_results     = @saved_cs_results */;
/*!50001 SET collation_connection      = @saved_col_connection */;

--
-- Final view structure for view `estatedc_sums`
--

/*!50001 DROP TABLE IF EXISTS `estatedc_sums`*/;
/*!50001 DROP VIEW IF EXISTS `estatedc_sums`*/;
/*!50001 SET @saved_cs_client          = @@character_set_client */;
/*!50001 SET @saved_cs_results         = @@character_set_results */;
/*!50001 SET @saved_col_connection     = @@collation_connection */;
/*!50001 SET character_set_client      = utf8 */;
/*!50001 SET character_set_results     = utf8 */;
/*!50001 SET collation_connection      = utf8_general_ci */;
/*!50001 CREATE ALGORITHM=UNDEFINED */

/*!50001 VIEW `estatedc_sums` AS select ifnull(`con`.`conamount`,0) AS `conamount`,ifnull(`con`.`contax`,0) AS `contax`,ifnull(`con`.`conmonths`,0) AS `conmonths`,ifnull(`op`.`opamount`,0) AS `opamount`,ifnull(`op`.`optax`,0) AS `optax`,ifnull(`op`.`opmonths`,0) AS `opmonths`,ifnull(`ep`.`payamount`,0) AS `payamount`,`con`.`estateid` AS `estateid`,`con`.`year` AS `year`,((((ifnull(`con`.`conamount`,0) + ifnull(`con`.`contax`,0)) + ifnull(`op`.`opamount`,0)) + ifnull(`op`.`optax`,0)) + ifnull(`ep`.`payamount`,0)) AS `total` from ((`estatedc_consum` `con` left join `estatedc_opsum` `op` on(((`op`.`estateid` = `con`.`estateid`) and (`op`.`year` = `con`.`year`)))) left join `estatedc_paysum` `ep` on(((`ep`.`estateid` = `con`.`estateid`) and (`ep`.`year` = `con`.`year`)))) group by `con`.`estateid`,`con`.`year` */;
/*!50001 SET character_set_client      = @saved_cs_client */;
/*!50001 SET character_set_results     = @saved_cs_results */;
/*!50001 SET collation_connection      = @saved_col_connection */;

--
-- Final view structure for view `member_contact_sum`
--

/*!50001 DROP TABLE IF EXISTS `member_contact_sum`*/;
/*!50001 DROP VIEW IF EXISTS `member_contact_sum`*/;
/*!50001 SET @saved_cs_client          = @@character_set_client */;
/*!50001 SET @saved_cs_results         = @@character_set_results */;
/*!50001 SET @saved_col_connection     = @@collation_connection */;
/*!50001 SET character_set_client      = utf8 */;
/*!50001 SET character_set_results     = utf8 */;
/*!50001 SET collation_connection      = utf8_general_ci */;
/*!50001 CREATE ALGORITHM=UNDEFINED */

/*!50001 VIEW `member_contact_sum` AS select `mp`.`name` AS `name`,`mp`.`contact` AS `contact`,`mp`.`fromyear` AS `fromyear`,`mp`.`toyear` AS `toyear`,`mdcs`.`memberid` AS `memberid`,`mdcs`.`year` AS `year`,`mdcs`.`amount` AS `amount`,`mdcs`.`tax` AS `tax`,`mdcs`.`total` AS `total` from (`member_pref` `mp` join `memberdc_sum` `mdcs` on((`mdcs`.`memberid` = `mp`.`memberid`))) */;
/*!50001 SET character_set_client      = @saved_cs_client */;
/*!50001 SET character_set_results     = @saved_cs_results */;
/*!50001 SET collation_connection      = @saved_col_connection */;

--
-- Final view structure for view `member_estates`
--

/*!50001 DROP TABLE IF EXISTS `member_estates`*/;
/*!50001 DROP VIEW IF EXISTS `member_estates`*/;
/*!50001 SET @saved_cs_client          = @@character_set_client */;
/*!50001 SET @saved_cs_results         = @@character_set_results */;
/*!50001 SET @saved_col_connection     = @@collation_connection */;
/*!50001 SET character_set_client      = utf8 */;
/*!50001 SET character_set_results     = utf8 */;
/*!50001 SET collation_connection      = utf8_general_ci */;
/*!50001 CREATE ALGORITHM=UNDEFINED */

/*!50001 VIEW `member_estates` AS select `e`.`estateid` AS `estateid`,`e`.`location` AS `location`,`e`.`address` AS `address`,`e`.`note` AS `note`,`e`.`fromyear` AS `fromyear`,`e`.`toyear` AS `toyear`,`me`.`memberid` AS `memberid`,`me`.`fromyear` AS `me_fromyear`,`me`.`toyear` AS `me_toyear` from (`estates` `e` join `membersestates` `me` on((`me`.`estateid` = `e`.`estateid`))) */;
/*!50001 SET character_set_client      = @saved_cs_client */;
/*!50001 SET character_set_results     = @saved_cs_results */;
/*!50001 SET collation_connection      = @saved_col_connection */;

--
-- Final view structure for view `member_pref`
--

/*!50001 DROP TABLE IF EXISTS `member_pref`*/;
/*!50001 DROP VIEW IF EXISTS `member_pref`*/;
/*!50001 SET @saved_cs_client          = @@character_set_client */;
/*!50001 SET @saved_cs_results         = @@character_set_results */;
/*!50001 SET @saved_col_connection     = @@collation_connection */;
/*!50001 SET character_set_client      = utf8 */;
/*!50001 SET character_set_results     = utf8 */;
/*!50001 SET collation_connection      = utf8_general_ci */;
/*!50001 CREATE ALGORITHM=UNDEFINED */

/*!50001 VIEW `member_pref` AS select `m`.`memberid` AS `memberid`,`m`.`name` AS `name`,`m`.`note` AS `note`,`c`.`value` AS `contact`,`m`.`fromyear` AS `fromyear`,`m`.`toyear` AS `toyear` from (`members` `m` join `contacts` `c` on((`c`.`memberid` = `m`.`memberid`))) where (`c`.`preferred` = 1) */;
/*!50001 SET character_set_client      = @saved_cs_client */;
/*!50001 SET character_set_results     = @saved_cs_results */;
/*!50001 SET collation_connection      = @saved_col_connection */;

--
-- Final view structure for view `memberdc_sum`
--

/*!50001 DROP TABLE IF EXISTS `memberdc_sum`*/;
/*!50001 DROP VIEW IF EXISTS `memberdc_sum`*/;
/*!50001 SET @saved_cs_client          = @@character_set_client */;
/*!50001 SET @saved_cs_results         = @@character_set_results */;
/*!50001 SET @saved_col_connection     = @@collation_connection */;
/*!50001 SET character_set_client      = utf8 */;
/*!50001 SET character_set_results     = utf8 */;
/*!50001 SET collation_connection      = utf8_general_ci */;
/*!50001 CREATE ALGORITHM=UNDEFINED */

/*!50001 VIEW `memberdc_sum` AS select `memberdcs`.`memberid` AS `memberid`,`memberdcs`.`year` AS `year`,sum(`memberdcs`.`amount`) AS `amount`,sum(`memberdcs`.`tax`) AS `tax`,sum((`memberdcs`.`amount` + `memberdcs`.`tax`)) AS `total` from `memberdcs` group by `memberdcs`.`memberid`,`memberdcs`.`year` */;
/*!50001 SET character_set_client      = @saved_cs_client */;
/*!50001 SET character_set_results     = @saved_cs_results */;
/*!50001 SET collation_connection      = @saved_col_connection */;

--
-- Final view structure for view `memberpref`
--

/*!50001 DROP TABLE IF EXISTS `memberpref`*/;
/*!50001 DROP VIEW IF EXISTS `memberpref`*/;
/*!50001 SET @saved_cs_client          = @@character_set_client */;
/*!50001 SET @saved_cs_results         = @@character_set_results */;
/*!50001 SET @saved_col_connection     = @@collation_connection */;
/*!50001 SET character_set_client      = utf8 */;
/*!50001 SET character_set_results     = utf8 */;
/*!50001 SET collation_connection      = utf8_general_ci */;
/*!50001 CREATE ALGORITHM=UNDEFINED */

/*!50001 VIEW `memberpref` AS select `m`.`memberid` AS `memberid`,`m`.`name` AS `name`,`c`.`value` AS `contact`,`m`.`fromyear` AS `fromyear`,`m`.`toyear` AS `toyear` from (`members` `m` join `contacts` `c`) where ((`c`.`memberid` = `m`.`memberid`) and (`c`.`preferred` = 1)) */;
/*!50001 SET character_set_client      = @saved_cs_client */;
/*!50001 SET character_set_results     = @saved_cs_results */;
/*!50001 SET collation_connection      = @saved_col_connection */;

--
-- Final view structure for view `members_estates`
--

/*!50001 DROP TABLE IF EXISTS `members_estates`*/;
/*!50001 DROP VIEW IF EXISTS `members_estates`*/;
/*!50001 SET @saved_cs_client          = @@character_set_client */;
/*!50001 SET @saved_cs_results         = @@character_set_results */;
/*!50001 SET @saved_col_connection     = @@collation_connection */;
/*!50001 SET character_set_client      = utf8 */;
/*!50001 SET character_set_results     = utf8 */;
/*!50001 SET collation_connection      = utf8_general_ci */;
/*!50001 CREATE ALGORITHM=UNDEFINED */

/*!50001 VIEW `members_estates` AS select `mp`.`memberid` AS `memberid`,`mp`.`name` AS `name`,`mp`.`contact` AS `contact`,`mp`.`note` AS `m_note`,`mp`.`fromyear` AS `m_fromyear`,`mp`.`toyear` AS `m_toyear`,`me`.`fromyear` AS `me_fromyear`,`me`.`toyear` AS `me_toyear`,`e`.`estateid` AS `estateid`,`e`.`location` AS `location`,`e`.`address` AS `address`,`e`.`note` AS `e_note`,`e`.`fromyear` AS `e_fromyear`,`e`.`toyear` AS `e_toyear` from (`membersestates` `me` join (`member_pref` `mp` join `estates` `e`) on(((`mp`.`memberid` = `me`.`memberid`) and (`e`.`estateid` = `me`.`estateid`)))) */;
/*!50001 SET character_set_client      = @saved_cs_client */;
/*!50001 SET character_set_results     = @saved_cs_results */;
/*!50001 SET collation_connection      = @saved_col_connection */;
/*!40103 SET TIME_ZONE=@OLD_TIME_ZONE */;

/*!40101 SET SQL_MODE=@OLD_SQL_MODE */;
/*!40014 SET FOREIGN_KEY_CHECKS=@OLD_FOREIGN_KEY_CHECKS */;
/*!40014 SET UNIQUE_CHECKS=@OLD_UNIQUE_CHECKS */;
/*!40101 SET CHARACTER_SET_CLIENT=@OLD_CHARACTER_SET_CLIENT */;
/*!40101 SET CHARACTER_SET_RESULTS=@OLD_CHARACTER_SET_RESULTS */;
/*!40101 SET COLLATION_CONNECTION=@OLD_COLLATION_CONNECTION */;
/*!40111 SET SQL_NOTES=@OLD_SQL_NOTES */;

-- Dump completed on 2017-07-08 20:22:13
